sheet_name,seed,comparison,delta_mae
abi,11,V0_to_V1,0.02822190351842732
abi,17,V0_to_V1,0.013311925188895207
abi,23,V0_to_V1,-0.01595727849021187
ai16z,11,V0_to_V1,-0.0142375556992618
ai16z,17,V0_to_V1,-0.012667625864660026
ai16z,23,V0_to_V1,-0.010666046493984144
aicrystalnode,11,V0_to_V1,0.037493766121510314
aicrystalnode,17,V0_to_V1,0.04559020899131126
aicrystalnode,23,V0_to_V1,-0.011461854128517197
aiinu,11,V0_to_V1,0.0198131805785697
aiinu,17,V0_to_V1,0.019978936711735208
aiinu,23,V0_to_V1,-0.0008196030167659449
aiwithdaddyissues,11,V0_to_V1,0.027384489854608278
aiwithdaddyissues,17,V0_to_V1,0.02708778877075073
aiwithdaddyissues,23,V0_to_V1,-0.007705358918636246
akiprotocol,11,V0_to_V1,0.022218391729852075
akiprotocol,17,V0_to_V1,-0.012166349517090514
akiprotocol,23,V0_to_V1,0.0206609109598666
amaterasuomikami,11,V0_to_V1,0.04531734248737674
amaterasuomikami,17,V0_to_V1,0.0209003631476943
amaterasuomikami,23,V0_to_V1,0.07067323233764969
americancoin,11,V0_to_V1,0.019199232255791978
americancoin,17,V0_to_V1,0.03120410351217044
americancoin,23,V0_to_V1,0.005919628942179345
analos,11,V0_to_V1,0.03885597340602653
analos,17,V0_to_V1,0.02820460390234601
analos,23,V0_to_V1,0.0018777388681774435
anyinu,11,V0_to_V1,0.011762277895287837
anyinu,17,V0_to_V1,0.011320296459269689
anyinu,23,V0_to_V1,0.025305106111008772
astropepex,11,V0_to_V1,0.04109433417710988
astropepex,17,V0_to_V1,-0.014700228472862275
astropepex,23,V0_to_V1,0.02452706656095651
autism2,11,V0_to_V1,0.011586614929689553
autism2,17,V0_to_V1,0.019602925277355496
autism2,23,V0_to_V1,0.0021355570874911634
autonomousvirtualbeings,11,V0_to_V1,-0.0004730120965383434
autonomousvirtualbeings,17,V0_to_V1,-0.018976234417003104
autonomousvirtualbeings,23,V0_to_V1,0.032716067601085336
avaxhasnochill,11,V0_to_V1,0.022408150234302177
avaxhasnochill,17,V0_to_V1,0.018810039211649608
avaxhasnochill,23,V0_to_V1,0.01235522811166196
babybnb,11,V0_to_V1,0.019598940547204326
babybnb,17,V0_to_V1,-0.0006895222325737568
babybnb,23,V0_to_V1,0.05261776824372324
babywen,11,V0_to_V1,-0.05618133672225017
babywen,17,V0_to_V1,-0.02656744721063098
babywen,23,V0_to_V1,0.05131693825699561
badideaai,11,V0_to_V1,0.014883430022370862
badideaai,17,V0_to_V1,0.029704118259771393
badideaai,23,V0_to_V1,-0.000568864450537214
bananatapewall,11,V0_to_V1,0.021307259980701695
bananatapewall,17,V0_to_V1,0.024531791650741347
bananatapewall,23,V0_to_V1,0.01705933468556431
beercoin2,11,V0_to_V1,0.01489502459539143
beercoin2,17,V0_to_V1,0.029684988795595002
beercoin2,23,V0_to_V1,-0.0005700613412122288
benthedog,11,V0_to_V1,0.01529396295483126
benthedog,17,V0_to_V1,0.014898674315580486
benthedog,23,V0_to_V1,-0.006406198938795432
billy,11,V0_to_V1,0.0014061194086308557
billy,17,V0_to_V1,-0.01616194764952203
billy,23,V0_to_V1,-0.0037615071105278897
bingusthecat,11,V0_to_V1,0.028095023425430608
bingusthecat,17,V0_to_V1,0.03293504544924576
bingusthecat,23,V0_to_V1,0.00378302485118686
bitcat2,11,V0_to_V1,0.010729304293967403
bitcat2,17,V0_to_V1,0.004130202983480949
bitcat2,23,V0_to_V1,0.01957921894752953
bobaoppa,11,V0_to_V1,0.030614084972276894
bobaoppa,17,V0_to_V1,0.05116538353218454
bobaoppa,23,V0_to_V1,-0.013961978645576884
bobtoken,11,V0_to_V1,0.017781626723034787
bobtoken,17,V0_to_V1,0.0288668934124792
bobtoken,23,V0_to_V1,0.02871162916756506
bongocat,11,V0_to_V1,-0.013671057186882296
bongocat,17,V0_to_V1,-0.037676754244504604
bongocat,23,V0_to_V1,0.019744656555848502
brainlet2,11,V0_to_V1,0.007493632563945422
brainlet2,17,V0_to_V1,-0.002334263263060639
brainlet2,23,V0_to_V1,0.01176883873961971
brothecat,11,V0_to_V1,0.019399931424208917
brothecat,17,V0_to_V1,0.02005082265303037
brothecat,23,V0_to_V1,0.008659523640764916
buu,11,V0_to_V1,0.025568000929063226
buu,17,V0_to_V1,0.033015503315912305
buu,23,V0_to_V1,0.0431232185038058
catalorian,11,V0_to_V1,0.03132109210700278
catalorian,17,V0_to_V1,0.013516887862908479
catalorian,23,V0_to_V1,0.012521374991276021
catana,11,V0_to_V1,-0.004410860445909432
catana,17,V0_to_V1,-0.009229415366860984
catana,23,V0_to_V1,0.010284561954240289
catecoin,11,V0_to_V1,0.046212672225933865
catecoin,17,V0_to_V1,-0.01928514988627349
catecoin,23,V0_to_V1,-0.008272359317116083
catwifhat2,11,V0_to_V1,0.0138721895507576
catwifhat2,17,V0_to_V1,-0.018014731361481844
catwifhat2,23,V0_to_V1,0.009989592789897223
chonky,11,V0_to_V1,0.03414367758573167
chonky,17,V0_to_V1,0.03360815278593878
chonky,23,V0_to_V1,0.0011906129352780362
chudjak,11,V0_to_V1,0.013923583126594932
chudjak,17,V0_to_V1,0.016657191561898405
chudjak,23,V0_to_V1,-0.006640753405253476
coal2,11,V0_to_V1,-0.02893643654167421
coal2,17,V0_to_V1,-0.04409734417015922
coal2,23,V0_to_V1,0.04536361038657063
costcohotdog,11,V0_to_V1,0.016025110981334936
costcohotdog,17,V0_to_V1,0.018005980110900734
costcohotdog,23,V0_to_V1,0.0031225200186582383
crashout,11,V0_to_V1,0.02493558518768253
crashout,17,V0_to_V1,0.03882983796477214
crashout,23,V0_to_V1,-0.04229597408371588
csi888,11,V0_to_V1,0.04339265327282416
csi888,17,V0_to_V1,0.04215631315570505
csi888,23,V0_to_V1,-0.0011402840610006404
cumrocket,11,V0_to_V1,0.07280275983841043
cumrocket,17,V0_to_V1,0.03216509905067131
cumrocket,23,V0_to_V1,0.02179717780263539
dancingtriangle2,11,V0_to_V1,0.010970843092401792
dancingtriangle2,17,V0_to_V1,0.020440945000179882
dancingtriangle2,23,V0_to_V1,0.03779560492751098
darkmaga,11,V0_to_V1,0.019636160289111283
darkmaga,17,V0_to_V1,0.019711665019858302
darkmaga,23,V0_to_V1,0.007812093011643824
deepworm,11,V0_to_V1,-0.012346096855615931
deepworm,17,V0_to_V1,-0.017885402127686613
deepworm,23,V0_to_V1,-0.003659973089494707
degenspartanai,11,V0_to_V1,-0.015017997073438948
degenspartanai,17,V0_to_V1,-0.018788623585945567
degenspartanai,23,V0_to_V1,-0.006221584252967122
dejitarutsuka,11,V0_to_V1,0.011553350778130947
dejitarutsuka,17,V0_to_V1,0.009203879347322162
dejitarutsuka,23,V0_to_V1,0.002184128872689442
dinolfg,11,V0_to_V1,0.025729572963771163
dinolfg,17,V0_to_V1,0.017511124048555714
dinolfg,23,V0_to_V1,-0.014038045357995396
dogebonk,11,V0_to_V1,0.013748594155522634
dogebonk,17,V0_to_V1,-0.002309421877513089
dogebonk,23,V0_to_V1,0.01598427676619559
dogemascotshibu,11,V0_to_V1,0.017318496221519285
dogemascotshibu,17,V0_to_V1,0.02747232151929893
dogemascotshibu,23,V0_to_V1,-0.0007496803703920252
dogeonsolana,11,V0_to_V1,0.024848034284547654
dogeonsolana,17,V0_to_V1,-1.3001988502917006e-05
dogeonsolana,23,V0_to_V1,0.021765271057805333
doggo3,11,V0_to_V1,0.014885020591159388
doggo3,17,V0_to_V1,0.02969596299566215
doggo3,23,V0_to_V1,-0.000569270013021983
donaldtremp,11,V0_to_V1,-0.038141392757038414
donaldtremp,17,V0_to_V1,-0.014831598917172874
donaldtremp,23,V0_to_V1,0.01465156083066391
dorklord2,11,V0_to_V1,0.01833012482856517
dorklord2,17,V0_to_V1,0.011351368729721305
dorklord2,23,V0_to_V1,0.02781201239645193
ducky,11,V0_to_V1,0.025513022276015745
ducky,17,V0_to_V1,0.0316004097940152
ducky,23,V0_to_V1,0.01361652511735749
duko,11,V0_to_V1,0.019697748846136717
duko,17,V0_to_V1,0.015353571595688134
duko,23,V0_to_V1,0.015384512552495809
elgato,11,V0_to_V1,0.003134848904989572
elgato,17,V0_to_V1,0.03974896690828743
elgato,23,V0_to_V1,-0.04524052015559165
elon,11,V0_to_V1,0.030308522470180246
elon,17,V0_to_V1,0.008666771314464874
elon,23,V0_to_V1,0.026187898172144675
eyeearn,11,V0_to_V1,0.04159955860460241
eyeearn,17,V0_to_V1,0.04304820625609901
eyeearn,23,V0_to_V1,-0.04787905797775117
feces,11,V0_to_V1,0.01607970501838826
feces,17,V0_to_V1,0.026164880203863063
feces,23,V0_to_V1,-0.001885987506269858
fefeoneth,11,V0_to_V1,0.032432514249305024
fefeoneth,17,V0_to_V1,0.017672694065602363
fefeoneth,23,V0_to_V1,0.008985281069687774
feistydogenft,11,V0_to_V1,0.015011119281877382
feistydogenft,17,V0_to_V1,0.029298806387950495
feistydogenft,23,V0_to_V1,-0.0005899468536599076
fighttomaga,11,V0_to_V1,0.018466213129383822
fighttomaga,17,V0_to_V1,0.025137300705157305
fighttomaga,23,V0_to_V1,-0.0008582003139433816
firstreply,11,V0_to_V1,0.025505365739641996
firstreply,17,V0_to_V1,0.05491097123586678
firstreply,23,V0_to_V1,-0.0074665684382608025
fisttrumppump,11,V0_to_V1,-0.02800633651543305
fisttrumppump,17,V0_to_V1,-0.035151003503684275
fisttrumppump,23,V0_to_V1,-0.01954956297983612
floos,11,V0_to_V1,0.029122640570932216
floos,17,V0_to_V1,0.030458441867673866
floos,23,V0_to_V1,0.01859643724398871
fofar,11,V0_to_V1,0.019924579148972447
fofar,17,V0_to_V1,0.02128889925794243
fofar,23,V0_to_V1,0.003233693665249629
forest,11,V0_to_V1,0.004019376635118694
forest,17,V0_to_V1,-0.016790717846812814
forest,23,V0_to_V1,0.016749565132984853
gamestop,11,V0_to_V1,0.01461377135154883
gamestop,17,V0_to_V1,0.03413431586088117
gamestop,23,V0_to_V1,-0.02326159490077931
gameswift,11,V0_to_V1,0.020882280570304737
gameswift,17,V0_to_V1,-0.042510886700700024
gameswift,23,V0_to_V1,0.010375130492567164
gdog,11,V0_to_V1,0.005145846466902328
gdog,17,V0_to_V1,-0.002344425544730744
gdog,23,V0_to_V1,0.04200098682617654
gikocat,11,V0_to_V1,-0.07777890916891206
gikocat,17,V0_to_V1,-0.05308829566517681
gikocat,23,V0_to_V1,-0.1250281935249653
ginnanthecat,11,V0_to_V1,0.006530035157847606
ginnanthecat,17,V0_to_V1,0.019188652564179867
ginnanthecat,23,V0_to_V1,0.03830410174631776
gme,11,V0_to_V1,0.030945860233204194
gme,17,V0_to_V1,0.029676053734241
gme,23,V0_to_V1,-0.01635737241034977
groyper,11,V0_to_V1,-0.004929479689425962
groyper,17,V0_to_V1,-0.012760251702874911
groyper,23,V0_to_V1,0.015057081736125896
guacamole,11,V0_to_V1,0.07107172884737521
guacamole,17,V0_to_V1,0.02322268390258803
guacamole,23,V0_to_V1,0.014204575635628519
gummy,11,V0_to_V1,0.014163704561664379
gummy,17,V0_to_V1,0.0038191387320739463
gummy,23,V0_to_V1,0.01571687286130137
habibisol,11,V0_to_V1,0.07560276515752226
habibisol,17,V0_to_V1,0.006427587405139743
habibisol,23,V0_to_V1,0.013110704379145292
hami,11,V0_to_V1,0.0235581411277146
hami,17,V0_to_V1,0.013408370262398037
hami,23,V0_to_V1,0.018434294111818558
hana,11,V0_to_V1,0.04710224143931893
hana,17,V0_to_V1,0.03898777890974059
hana,23,V0_to_V1,0.0025660333206765154
harrypottertrumphomersimpson777inu,11,V0_to_V1,0.02555191290949263
harrypottertrumphomersimpson777inu,17,V0_to_V1,0.02380590968918723
harrypottertrumphomersimpson777inu,23,V0_to_V1,-0.04682148689872417
hawk2,11,V0_to_V1,0.04367397031628608
hawk2,17,V0_to_V1,0.04805451404834328
hawk2,23,V0_to_V1,0.03685685013147487
hege,11,V0_to_V1,0.029682350488238415
hege,17,V0_to_V1,-0.004864394065723761
hege,23,V0_to_V1,-0.008879890196263937
hehecat,11,V0_to_V1,0.012606083930081223
hehecat,17,V0_to_V1,0.0029294648833637915
hehecat,23,V0_to_V1,0.012215486311785852
hemule,11,V0_to_V1,0.018878845027641672
hemule,17,V0_to_V1,0.01921438828109084
hemule,23,V0_to_V1,-0.0011945019753132266
historyofpepe,11,V0_to_V1,0.03586473353718216
historyofpepe,17,V0_to_V1,0.05752276719010743
historyofpepe,23,V0_to_V1,-0.04229527289245528
honk,11,V0_to_V1,0.017341491722809493
honk,17,V0_to_V1,0.026060993163367865
honk,23,V0_to_V1,-0.000803754697904703
hund,11,V0_to_V1,0.04877658291484019
hund,17,V0_to_V1,0.01719770991434951
hund,23,V0_to_V1,-0.036134898495183324
iiiilovvvyouuuu,11,V0_to_V1,0.043543024275855706
iiiilovvvyouuuu,17,V0_to_V1,0.021814566604034136
iiiilovvvyouuuu,23,V0_to_V1,-0.0031225299948656124
illuminaticoin,11,V0_to_V1,0.014884791100741823
illuminaticoin,17,V0_to_V1,0.029703118745887026
illuminaticoin,23,V0_to_V1,-0.0005689499943324211
inferno2,11,V0_to_V1,0.07988607364800458
inferno2,17,V0_to_V1,0.03434868394413043
inferno2,23,V0_to_V1,-0.021949834304380446
iq50,11,V0_to_V1,0.02424740448713445
iq50,17,V0_to_V1,0.037732666748608826
iq50,23,V0_to_V1,0.015605426919523394
jeoboden,11,V0_to_V1,0.018975045548095187
jeoboden,17,V0_to_V1,0.027448232369714352
jeoboden,23,V0_to_V1,-0.002597202773574399
jesuscoin,11,V0_to_V1,0.039137353538382075
jesuscoin,17,V0_to_V1,-0.018270296418823183
jesuscoin,23,V0_to_V1,-0.0046363080778135946
k9financedao,11,V0_to_V1,0.04695821980983354
k9financedao,17,V0_to_V1,0.02866030345887064
k9financedao,23,V0_to_V1,0.03401425793441977
katanainu,11,V0_to_V1,0.04067706118985011
katanainu,17,V0_to_V1,0.021152237191618867
katanainu,23,V0_to_V1,0.03572939415748899
kekistan,11,V0_to_V1,0.039855109717151435
kekistan,17,V0_to_V1,0.04322816869416488
kekistan,23,V0_to_V1,-0.006672201570422746
kiboshib,11,V0_to_V1,0.0228175438885245
kiboshib,17,V0_to_V1,0.024971354213319478
kiboshib,23,V0_to_V1,0.01934221696146978
kimbo,11,V0_to_V1,0.0558496035240149
kimbo,17,V0_to_V1,0.021317890722874197
kimbo,23,V0_to_V1,0.04144341954418004
kittenhaimer,11,V0_to_V1,-0.10776382723035438
kittenhaimer,17,V0_to_V1,-0.07898170692975132
kittenhaimer,23,V0_to_V1,-0.030136772898910397
koalaai,11,V0_to_V1,0.027541603579891476
koalaai,17,V0_to_V1,0.03483219820589255
koalaai,23,V0_to_V1,0.017631475259076712
komainu,11,V0_to_V1,-0.03890335574276105
komainu,17,V0_to_V1,-0.06556379150161537
komainu,23,V0_to_V1,0.0025858047673294957
leash,11,V0_to_V1,-0.593645027137299
leash,17,V0_to_V1,-0.4740413446569143
leash,23,V0_to_V1,-0.5203851115832343
lethimcook,11,V0_to_V1,0.03281310752047801
lethimcook,17,V0_to_V1,0.03109599387873873
lethimcook,23,V0_to_V1,0.005047855231101968
lilyscoin,11,V0_to_V1,-0.006006950564793542
lilyscoin,17,V0_to_V1,-0.048223427343583355
lilyscoin,23,V0_to_V1,-0.00037103517672090747
literallyme,11,V0_to_V1,0.010635929107020537
literallyme,17,V0_to_V1,0.028112630056529815
literallyme,23,V0_to_V1,0.0009460296560023368
littlemanyu,11,V0_to_V1,0.01784959354209219
littlemanyu,17,V0_to_V1,0.009257491901795652
littlemanyu,23,V0_to_V1,0.04594739099392543
lmeow2,11,V0_to_V1,0.002386229818182671
lmeow2,17,V0_to_V1,-0.04023281032018713
lmeow2,23,V0_to_V1,0.030535940540067818
loafcat,11,V0_to_V1,0.011421474339683605
loafcat,17,V0_to_V1,0.02162609663386457
loafcat,23,V0_to_V1,0.011317074725515117
lovelyinufinance,11,V0_to_V1,0.0330660963277186
lovelyinufinance,17,V0_to_V1,0.006438284653720011
lovelyinufinance,23,V0_to_V1,0.03409864129854793
luci,11,V0_to_V1,0.026001789152706907
luci,17,V0_to_V1,0.02249172586639884
luci,23,V0_to_V1,-0.0047373470909684995
mad2,11,V0_to_V1,0.02331801789921866
mad2,17,V0_to_V1,0.02582143625163566
mad2,23,V0_to_V1,-0.0057029616330358315
magahat,11,V0_to_V1,0.014920936356608322
magahat,17,V0_to_V1,0.02956167078587746
magahat,23,V0_to_V1,-0.0005755105656670007
majorfrog,11,V0_to_V1,0.02468535737163394
majorfrog,17,V0_to_V1,0.03070856493656807
majorfrog,23,V0_to_V1,-0.008645011036280403
mars2,11,V0_to_V1,0.028852314688308914
mars2,17,V0_to_V1,0.03253641357289211
mars2,23,V0_to_V1,0.014399801635650258
mellowman,11,V0_to_V1,0.007788240867216561
mellowman,17,V0_to_V1,-0.016519401420787103
mellowman,23,V0_to_V1,0.01850451203696571
memesai,11,V0_to_V1,-0.021293107867969438
memesai,17,V0_to_V1,-0.045959894601178775
memesai,23,V0_to_V1,0.008954691469911333
metamonopoly,11,V0_to_V1,0.04622127570464455
metamonopoly,17,V0_to_V1,-0.018389429882048863
metamonopoly,23,V0_to_V1,0.030477388611819693
miladywifhat,11,V0_to_V1,0.030272456730563876
miladywifhat,17,V0_to_V1,0.014500187043518388
miladywifhat,23,V0_to_V1,0.01611759097034731
mongcoin,11,V0_to_V1,0.01488343396912011
mongcoin,17,V0_to_V1,0.02970414229290206
mongcoin,23,V0_to_V1,-0.0005688636469124639
monkeyhaircut,11,V0_to_V1,0.021408588080823854
monkeyhaircut,17,V0_to_V1,0.0317606147156177
monkeyhaircut,23,V0_to_V1,0.010226142103736055
moodeng2,11,V0_to_V1,0.015008871433636339
moodeng2,17,V0_to_V1,0.029492464131718497
moodeng2,23,V0_to_V1,-0.0005814811852710086
nailong,11,V0_to_V1,0.0026213318387846
nailong,17,V0_to_V1,-0.030709489979105643
nailong,23,V0_to_V1,-0.0020094867314544226
nasdaq420,11,V0_to_V1,0.031564979634721706
nasdaq420,17,V0_to_V1,0.028649679583832445
nasdaq420,23,V0_to_V1,0.03980382116378546
neiro,11,V0_to_V1,0.022184609687935807
neiro,17,V0_to_V1,0.020217470221859983
neiro,23,V0_to_V1,-0.0004645720886231053
neiro2,11,V0_to_V1,0.024284741447449996
neiro2,17,V0_to_V1,0.02150451220613864
neiro2,23,V0_to_V1,0.017761710184958118
newbornhaggispygmyhippo,11,V0_to_V1,0.015335366266542746
newbornhaggispygmyhippo,17,V0_to_V1,0.027002326657748293
newbornhaggispygmyhippo,23,V0_to_V1,-0.0007059502852579391
nomnom,11,V0_to_V1,0.021753134176433313
nomnom,17,V0_to_V1,0.023392890386109984
nomnom,23,V0_to_V1,0.0023455292398004285
npconsolana,11,V0_to_V1,0.012530951087684952
npconsolana,17,V0_to_V1,0.0077434537313492285
npconsolana,23,V0_to_V1,0.023241215000353907
numogram,11,V0_to_V1,0.037471970055640895
numogram,17,V0_to_V1,-0.004899523927614349
numogram,23,V0_to_V1,-0.004913862793416622
nya,11,V0_to_V1,0.03372405332807349
nya,17,V0_to_V1,0.032729945988470045
nya,23,V0_to_V1,0.017460782754349362
ogroaringkitty,11,V0_to_V1,0.01566388837782901
ogroaringkitty,17,V0_to_V1,0.019915152518869335
ogroaringkitty,23,V0_to_V1,-0.004804031347073363
omega2,11,V0_to_V1,0.006501324483893921
omega2,17,V0_to_V1,0.003564403325401977
omega2,23,V0_to_V1,0.009982285282617978
optimusai,11,V0_to_V1,-0.03680545312026741
optimusai,17,V0_to_V1,-0.06597137661196015
optimusai,23,V0_to_V1,0.010728106241143289
oscar,11,V0_to_V1,0.04429838456143288
oscar,17,V0_to_V1,0.039479288890133656
oscar,23,V0_to_V1,0.001549334222790355
pajamascat,11,V0_to_V1,0.03297185575183133
pajamascat,17,V0_to_V1,0.021839765382455016
pajamascat,23,V0_to_V1,0.009945765826215903
patriot,11,V0_to_V1,0.02353923757457381
patriot,17,V0_to_V1,0.02719507539426354
patriot,23,V0_to_V1,0.00044583444072052864
peng,11,V0_to_V1,-0.07255600340370315
peng,17,V0_to_V1,-0.08898893718458808
peng,23,V0_to_V1,0.031549287574493386
pestothebabykingpenguin,11,V0_to_V1,0.04133467200738756
pestothebabykingpenguin,17,V0_to_V1,0.04321915752798801
pestothebabykingpenguin,23,V0_to_V1,-0.020759383960662077
phil,11,V0_to_V1,0.010414799074358778
phil,17,V0_to_V1,-0.005441985333688448
phil,23,V0_to_V1,0.010278436981508071
pikaboss,11,V0_to_V1,0.005288946936774514
pikaboss,17,V0_to_V1,-0.012804479197251474
pikaboss,23,V0_to_V1,0.024957364608080172
pochita,11,V0_to_V1,0.052565751421275335
pochita,17,V0_to_V1,0.045124189503449846
pochita,23,V0_to_V1,-0.015744274945897682
polydoge,11,V0_to_V1,0.05327754582106151
polydoge,17,V0_to_V1,0.03995385566476994
polydoge,23,V0_to_V1,0.02841072554448467
popdog,11,V0_to_V1,0.0381282884822878
popdog,17,V0_to_V1,-0.02289921929202932
popdog,23,V0_to_V1,-0.04074307682097759
project89,11,V0_to_V1,0.004118942922421782
project89,17,V0_to_V1,0.0031718676500441453
project89,23,V0_to_V1,-0.008123266518386463
prophetofethereum,11,V0_to_V1,0.010324837228701499
prophetofethereum,17,V0_to_V1,-0.0011665845274680155
prophetofethereum,23,V0_to_V1,0.026962129674881305
pundu,11,V0_to_V1,0.03799765896090221
pundu,17,V0_to_V1,0.026049375709053378
pundu,23,V0_to_V1,-0.008645409930723269
qstar,11,V0_to_V1,0.034358175298036135
qstar,17,V0_to_V1,0.03507175417792886
qstar,23,V0_to_V1,0.005952077541409709
rawr,11,V0_to_V1,0.0038283219709426587
rawr,17,V0_to_V1,0.0031625714819973373
rawr,23,V0_to_V1,0.026188067332306025
realsmurfcat,11,V0_to_V1,0.02119670188815102
realsmurfcat,17,V0_to_V1,0.025735767511189948
realsmurfcat,23,V0_to_V1,0.01710924054108772
ribbit2,11,V0_to_V1,0.050704113726889544
ribbit2,17,V0_to_V1,0.05580944222862794
ribbit2,23,V0_to_V1,-0.01206978168701954
riko,11,V0_to_V1,0.022764598916811988
riko,17,V0_to_V1,0.0026434172125932957
riko,23,V0_to_V1,0.012916955383505964
rockytherock,11,V0_to_V1,0.016545113065014647
rockytherock,17,V0_to_V1,0.024293433781636217
rockytherock,23,V0_to_V1,-0.002513949176060494
ronnie,11,V0_to_V1,0.017713887400310435
ronnie,17,V0_to_V1,0.010350750194155208
ronnie,23,V0_to_V1,0.030948437542706708
rsnoofi,11,V0_to_V1,0.02456826766467808
rsnoofi,17,V0_to_V1,0.035418507154923506
rsnoofi,23,V0_to_V1,-0.033072881377302604
ryujin,11,V0_to_V1,0.09732500097445033
ryujin,17,V0_to_V1,0.021435028945534937
ryujin,23,V0_to_V1,0.05882186711017998
sadhamster,11,V0_to_V1,0.014980851689173647
sadhamster,17,V0_to_V1,0.012043432223861075
sadhamster,23,V0_to_V1,-0.0006671992378158437
samoyedcoin,11,V0_to_V1,0.028628309065276306
samoyedcoin,17,V0_to_V1,-0.013906868624000642
samoyedcoin,23,V0_to_V1,-0.005095999401863803
sharbi,11,V0_to_V1,0.02244743050854456
sharbi,17,V0_to_V1,-0.014360094680165542
sharbi,23,V0_to_V1,0.015872907555983466
sharkcat,11,V0_to_V1,0.014241388040649719
sharkcat,17,V0_to_V1,0.013026656606372457
sharkcat,23,V0_to_V1,0.01585848845470359
sharki,11,V0_to_V1,0.01675764871756122
sharki,17,V0_to_V1,0.003311040755760032
sharki,23,V0_to_V1,0.017207029609364412
shinainu,11,V0_to_V1,0.02591881961779413
shinainu,17,V0_to_V1,0.016264604985915563
shinainu,23,V0_to_V1,0.015386923527341466
shoggoth,11,V0_to_V1,0.027903534742858265
shoggoth,17,V0_to_V1,-0.03378011442682689
shoggoth,23,V0_to_V1,0.0059452375671459265
sillydragon,11,V0_to_V1,0.047499197482500685
sillydragon,17,V0_to_V1,0.03275843112014982
sillydragon,23,V0_to_V1,-0.018102237553327193
sillynubcat,11,V0_to_V1,0.0074793259476774385
sillynubcat,17,V0_to_V1,0.00777054142887415
sillynubcat,23,V0_to_V1,-0.002075916955404336
slop,11,V0_to_V1,0.018925891288528028
slop,17,V0_to_V1,0.020217242101048766
slop,23,V0_to_V1,-0.0016044206134991842
slothana,11,V0_to_V1,0.04265348770121181
slothana,17,V0_to_V1,0.019822612884400514
slothana,23,V0_to_V1,0.03237409371292985
snapkero,11,V0_to_V1,0.014892443047734426
snapkero,17,V0_to_V1,0.029699808729813936
snapkero,23,V0_to_V1,-0.0005693407758039573
solchat,11,V0_to_V1,-0.019620378543214134
solchat,17,V0_to_V1,0.08528472254512762
solchat,23,V0_to_V1,-0.11812202570177652
speedy2,11,V0_to_V1,0.01941601411206968
speedy2,17,V0_to_V1,-0.024311193533596086
speedy2,23,V0_to_V1,-0.03034434573169611
squidgrow2,11,V0_to_V1,0.01058518952879027
squidgrow2,17,V0_to_V1,-0.03237709830200859
squidgrow2,23,V0_to_V1,-0.0003439315461749651
strategicbitcoinreserve,11,V0_to_V1,0.0064059024573199785
strategicbitcoinreserve,17,V0_to_V1,0.003235363026525717
strategicbitcoinreserve,23,V0_to_V1,-0.0002473529003224062
supercyclereal,11,V0_to_V1,0.026350394537996646
supercyclereal,17,V0_to_V1,0.028089814604734736
supercyclereal,23,V0_to_V1,0.008390604329712219
supertrump,11,V0_to_V1,0.034236197525646744
supertrump,17,V0_to_V1,0.033370269506146175
supertrump,23,V0_to_V1,-0.001248250174432454
suwi,11,V0_to_V1,0.03418297010905039
suwi,17,V0_to_V1,0.023872259639418462
suwi,23,V0_to_V1,0.000751574996250115
taoinu,11,V0_to_V1,0.021849415520981363
taoinu,17,V0_to_V1,0.022964782826601325
taoinu,23,V0_to_V1,0.022277250707933807
tateterminal,11,V0_to_V1,0.019135912871530887
tateterminal,17,V0_to_V1,0.017540670523548938
tateterminal,23,V0_to_V1,0.011489303439371087
tehepikduck,11,V0_to_V1,0.02858140756395839
tehepikduck,17,V0_to_V1,0.025215823936393864
tehepikduck,23,V0_to_V1,0.012226023865766052
terminus2,11,V0_to_V1,-0.08017354497817067
terminus2,17,V0_to_V1,-0.06405928493427694
terminus2,23,V0_to_V1,0.045390888378506286
terminus3,11,V0_to_V1,0.05050775210896827
terminus3,17,V0_to_V1,0.036392659452452264
terminus3,23,V0_to_V1,0.02609574430325519
thebalkandwarf,11,V0_to_V1,0.015151016948326136
thebalkandwarf,17,V0_to_V1,0.028825660667505124
thebalkandwarf,23,V0_to_V1,-0.0006149068109552944
thelastplay,11,V0_to_V1,0.03663230303672231
thelastplay,17,V0_to_V1,0.04210228035854964
thelastplay,23,V0_to_V1,-0.0008377352470443702
thereallandwolf,11,V0_to_V1,0.015337478880230883
thereallandwolf,17,V0_to_V1,0.02825541355622894
thereallandwolf,23,V0_to_V1,-0.0006447459235979988
thesoldog,11,V0_to_V1,0.009225149037284434
thesoldog,17,V0_to_V1,0.028782282284834253
thesoldog,23,V0_to_V1,0.012018971619192187
tobi,11,V0_to_V1,0.03267139909719031
tobi,17,V0_to_V1,0.031029358752758876
tobi,23,V0_to_V1,0.000400232552968241
toga,11,V0_to_V1,0.008991061711405186
toga,17,V0_to_V1,0.0031152359756210224
toga,23,V0_to_V1,0.015437150540232258
torsy,11,V0_to_V1,0.02573509009356413
torsy,17,V0_to_V1,0.019904429540922194
torsy,23,V0_to_V1,0.00929462435445813
troll,11,V0_to_V1,0.014883433148234907
troll,17,V0_to_V1,0.02970413008333448
troll,23,V0_to_V1,-0.0005688641392551097
uranus3,11,V0_to_V1,0.06368644689357461
uranus3,17,V0_to_V1,0.013879201757451682
uranus3,23,V0_to_V1,-0.04282475936340574
valhallaindex,11,V0_to_V1,0.018819163930409662
valhallaindex,17,V0_to_V1,0.018043399795331268
valhallaindex,23,V0_to_V1,-0.001351101482001793
vitainu,11,V0_to_V1,0.02037224522553034
vitainu,17,V0_to_V1,0.04199705768834374
vitainu,23,V0_to_V1,-0.014499631892710814
voltinu2,11,V0_to_V1,0.029299464801712284
voltinu2,17,V0_to_V1,0.030902693455722538
voltinu2,23,V0_to_V1,0.0064575501834484295
waffles,11,V0_to_V1,0.021037554380080033
waffles,17,V0_to_V1,0.02968220536867901
waffles,23,V0_to_V1,-0.006264584450544224
wassie,11,V0_to_V1,0.018278370536590607
wassie,17,V0_to_V1,0.029581507346473593
wassie,23,V0_to_V1,0.01224653670890849
why,11,V0_to_V1,0.00816551952158534
why,17,V0_to_V1,0.00816647531175392
why,23,V0_to_V1,0.017278179312468805
wicked,11,V0_to_V1,0.019165832619448004
wicked,17,V0_to_V1,0.025564191756997062
wicked,23,V0_to_V1,0.00014068326610437026
winniethepoodle,11,V0_to_V1,0.036749560211874865
winniethepoodle,17,V0_to_V1,0.02774043572181967
winniethepoodle,23,V0_to_V1,0.00996093870628792
wrappeddog,11,V0_to_V1,0.017886143564896234
wrappeddog,17,V0_to_V1,0.025003294382773607
wrappeddog,23,V0_to_V1,-0.0008775032342719855
zackmorris,11,V0_to_V1,0.01941655093890304
zackmorris,17,V0_to_V1,0.016304595216852808
zackmorris,23,V0_to_V1,0.01355236948667922
zerotech,11,V0_to_V1,0.03693929162749586
zerotech,17,V0_to_V1,0.02036278779442441
zerotech,23,V0_to_V1,-0.01599152205004796
zoomer,11,V0_to_V1,0.02204249455944788
zoomer,17,V0_to_V1,0.046097625611617676
zoomer,23,V0_to_V1,-0.04837163748902375
zyncoin2,11,V0_to_V1,0.047397826462596375
zyncoin2,17,V0_to_V1,0.017494180746911097
zyncoin2,23,V0_to_V1,0.002948203765636613
abi,11,V1_to_V2,-0.031025349669720443
abi,17,V1_to_V2,-0.04494415860629881
abi,23,V1_to_V2,-0.029070810972174895
ai16z,11,V1_to_V2,0.2614960745656016
ai16z,17,V1_to_V2,0.2591991523976781
ai16z,23,V1_to_V2,0.2627572739079608
aicrystalnode,11,V1_to_V2,-0.041985500651997625
aicrystalnode,17,V1_to_V2,-0.06987814191345894
aicrystalnode,23,V1_to_V2,-0.04096108878593922
aiinu,11,V1_to_V2,-0.02254382580393932
aiinu,17,V1_to_V2,-0.051041590116526696
aiinu,23,V1_to_V2,-0.038876546785081005
aiwithdaddyissues,11,V1_to_V2,-0.025316880845540034
aiwithdaddyissues,17,V1_to_V2,-0.059234775865194295
aiwithdaddyissues,23,V1_to_V2,-0.03668353345463225
akiprotocol,11,V1_to_V2,-0.02724708675179887
akiprotocol,17,V1_to_V2,-0.009330835103906428
akiprotocol,23,V1_to_V2,-0.07468869590401676
amaterasuomikami,11,V1_to_V2,-0.04569744047234561
amaterasuomikami,17,V1_to_V2,-0.047370017588063806
amaterasuomikami,23,V1_to_V2,-0.1157059479431968
americancoin,11,V1_to_V2,-0.024836687546541784
americancoin,17,V1_to_V2,-0.05396852236250076
americancoin,23,V1_to_V2,-0.05968804272582347
analos,11,V1_to_V2,-0.04445572503229406
analos,17,V1_to_V2,-0.05099937780958001
analos,23,V1_to_V2,-0.055623279668625736
anyinu,11,V1_to_V2,-0.017399255872167424
anyinu,17,V1_to_V2,-0.03410002445677494
anyinu,23,V1_to_V2,-0.079070120042933
astropepex,11,V1_to_V2,-0.046513296447524
astropepex,17,V1_to_V2,-0.008218677902465768
astropepex,23,V1_to_V2,-0.07820280489571634
autism2,11,V1_to_V2,-0.013653252180473007
autism2,17,V1_to_V2,-0.04473249234180741
autism2,23,V1_to_V2,-0.05483166865761738
autonomousvirtualbeings,11,V1_to_V2,0.003239642479764093
autonomousvirtualbeings,17,V1_to_V2,-0.00951937051250567
autonomousvirtualbeings,23,V1_to_V2,-0.06782302769679219
avaxhasnochill,11,V1_to_V2,-0.023620846370531943
avaxhasnochill,17,V1_to_V2,-0.04391933813509783
avaxhasnochill,23,V1_to_V2,-0.06392494731622991
babybnb,11,V1_to_V2,-0.008900899755426133
babybnb,17,V1_to_V2,-0.022434358768561112
babybnb,23,V1_to_V2,-0.08954195277122869
babywen,11,V1_to_V2,0.02285511455563736
babywen,17,V1_to_V2,-0.019199653698785624
babywen,23,V1_to_V2,-0.014572632675426647
badideaai,11,V1_to_V2,-0.020532879188528617
badideaai,17,V1_to_V2,-0.05247586802050406
badideaai,23,V1_to_V2,-0.05320503513768415
bananatapewall,11,V1_to_V2,-0.025651739774711593
bananatapewall,17,V1_to_V2,-0.04838887547309429
bananatapewall,23,V1_to_V2,-0.06985948077654443
beercoin2,11,V1_to_V2,-0.02052739367580743
beercoin2,17,V1_to_V2,-0.05246723907999556
beercoin2,23,V1_to_V2,-0.053195003177083915
benthedog,11,V1_to_V2,-0.01208553515212657
benthedog,17,V1_to_V2,-0.043122652677996594
benthedog,23,V1_to_V2,-0.03708089149846591
billy,11,V1_to_V2,-0.01059043135546575
billy,17,V1_to_V2,-0.026640022867687206
billy,23,V1_to_V2,-0.01547761070534156
bingusthecat,11,V1_to_V2,-0.029855301106405253
bingusthecat,17,V1_to_V2,-0.0581453929627303
bingusthecat,23,V1_to_V2,-0.05540217970982381
bitcat2,11,V1_to_V2,-0.014990978894727499
bitcat2,17,V1_to_V2,-0.028642309180664086
bitcat2,23,V1_to_V2,-0.07207575252475738
bobaoppa,11,V1_to_V2,-0.03342633565431889
bobaoppa,17,V1_to_V2,-0.07502018243547079
bobaoppa,23,V1_to_V2,-0.03957373990736299
bobtoken,11,V1_to_V2,-0.023394754300315762
bobtoken,17,V1_to_V2,-0.05166436381753154
bobtoken,23,V1_to_V2,-0.08246114466980875
bongocat,11,V1_to_V2,0.00994371554291335
bongocat,17,V1_to_V2,-0.007305108390157057
bongocat,23,V1_to_V2,-0.023158344201258577
brainlet2,11,V1_to_V2,-0.0148304254938358
brainlet2,17,V1_to_V2,-0.03539615848902097
brainlet2,23,V1_to_V2,-0.049620870888063884
brothecat,11,V1_to_V2,-0.02187539964221585
brothecat,17,V1_to_V2,-0.04324517319290083
brothecat,23,V1_to_V2,-0.06005166200164675
buu,11,V1_to_V2,-0.025939203018037406
buu,17,V1_to_V2,-0.06005348131853033
buu,23,V1_to_V2,-0.09293668525767289
catalorian,11,V1_to_V2,-0.02870737497984195
catalorian,17,V1_to_V2,-0.04240045701250861
catalorian,23,V1_to_V2,-0.05833648322696181
catana,11,V1_to_V2,0.002297759474583449
catana,17,V1_to_V2,-0.03081123699993097
catana,23,V1_to_V2,-0.03993571293976833
catecoin,11,V1_to_V2,-0.05186186024904718
catecoin,17,V1_to_V2,-0.0034868114430431354
catecoin,23,V1_to_V2,-0.04550141464811373
catwifhat2,11,V1_to_V2,-0.01952124199266404
catwifhat2,17,V1_to_V2,-0.004757276472703128
catwifhat2,23,V1_to_V2,-0.06376325616747022
chonky,11,V1_to_V2,-0.03977521999429275
chonky,17,V1_to_V2,-0.05639441863239119
chonky,23,V1_to_V2,-0.054953754865038645
chudjak,11,V1_to_V2,-0.01048892245172379
chudjak,17,V1_to_V2,-0.04554437991376845
chudjak,23,V1_to_V2,-0.035834766442586936
coal2,11,V1_to_V2,0.012052357993546002
coal2,17,V1_to_V2,-0.025382239474202192
coal2,23,V1_to_V2,-0.020455774880309467
costcohotdog,11,V1_to_V2,-0.015773483389672233
costcohotdog,17,V1_to_V2,-0.04290221328710214
costcohotdog,23,V1_to_V2,-0.05337235176045048
crashout,11,V1_to_V2,-0.02744147067249784
crashout,17,V1_to_V2,-0.06482527150421194
crashout,23,V1_to_V2,-0.010783212938205139
csi888,11,V1_to_V2,-0.04663251433637552
csi888,17,V1_to_V2,-0.06638846690135858
csi888,23,V1_to_V2,-0.05099632180124203
cumrocket,11,V1_to_V2,-0.07238611523144696
cumrocket,17,V1_to_V2,-0.05883119386313317
cumrocket,23,V1_to_V2,-0.07288498762191124
dancingtriangle2,11,V1_to_V2,-0.015403300919406036
dancingtriangle2,17,V1_to_V2,-0.043945701155250885
dancingtriangle2,23,V1_to_V2,-0.09109819888669111
darkmaga,11,V1_to_V2,-0.019275788162472527
darkmaga,17,V1_to_V2,-0.04523240327105176
darkmaga,23,V1_to_V2,-0.059594972758565234
deepworm,11,V1_to_V2,0.012304020943588392
deepworm,17,V1_to_V2,-0.017724399761759435
deepworm,23,V1_to_V2,-0.015245508702136625
degenspartanai,11,V1_to_V2,0.018452709264084377
degenspartanai,17,V1_to_V2,-0.017340122586419347
degenspartanai,23,V1_to_V2,0.004825478377487043
dejitarutsuka,11,V1_to_V2,-0.009688317957637332
dejitarutsuka,17,V1_to_V2,-0.036158453733023864
dejitarutsuka,23,V1_to_V2,-0.04968124906696039
dinolfg,11,V1_to_V2,-0.02389465829559498
dinolfg,17,V1_to_V2,-0.04462089781194058
dinolfg,23,V1_to_V2,-0.035286087419435626
dogebonk,11,V1_to_V2,-0.019398701913194174
dogebonk,17,V1_to_V2,-0.020540129591535013
dogebonk,23,V1_to_V2,-0.06985873211841839
dogemascotshibu,11,V1_to_V2,-0.02020803785600563
dogemascotshibu,17,V1_to_V2,-0.05169972950096434
dogemascotshibu,23,V1_to_V2,-0.05223699460783119
dogeonsolana,11,V1_to_V2,-0.02913987897535747
dogeonsolana,17,V1_to_V2,-0.02358217329254581
dogeonsolana,23,V1_to_V2,-0.07448245032922354
doggo3,11,V1_to_V2,-0.020530685154659296
doggo3,17,V1_to_V2,-0.05247275323429608
doggo3,23,V1_to_V2,-0.053201406506199644
donaldtremp,11,V1_to_V2,0.014082707200239152
donaldtremp,17,V1_to_V2,-0.017601167613451665
donaldtremp,23,V1_to_V2,0.003002711170003107
dorklord2,11,V1_to_V2,-0.011356647204476465
dorklord2,17,V1_to_V2,-0.052033818049951545
dorklord2,23,V1_to_V2,-0.04089456630130015
ducky,11,V1_to_V2,-0.03115401973415921
ducky,17,V1_to_V2,-0.05437812844082297
ducky,23,V1_to_V2,-0.06738223402926681
duko,11,V1_to_V2,-0.024035116737232874
duko,17,V1_to_V2,-0.038926632822199735
duko,23,V1_to_V2,-0.06813601206195337
elgato,11,V1_to_V2,-0.008478869808891662
elgato,17,V1_to_V2,-0.06270028717063279
elgato,23,V1_to_V2,-0.008363719197585887
elon,11,V1_to_V2,-0.03595066808610349
elon,17,V1_to_V2,-0.0314435742557292
elon,23,V1_to_V2,-0.07995815380008861
eyeearn,11,V1_to_V2,-0.0472478123560945
eyeearn,17,V1_to_V2,-0.06582101074382651
eyeearn,23,V1_to_V2,-0.005893547984368376
feces,11,V1_to_V2,-0.01814975006370597
feces,17,V1_to_V2,-0.05073516598880494
feces,23,V1_to_V2,-0.04987036296383161
fefeoneth,11,V1_to_V2,-0.028917004460412787
fefeoneth,17,V1_to_V2,-0.04437387247861951
fefeoneth,23,V1_to_V2,-0.05400061683932073
feistydogenft,11,V1_to_V2,-0.02038333187496643
feistydogenft,17,V1_to_V2,-0.05227426831749158
feistydogenft,23,V1_to_V2,-0.05297683642295233
fighttomaga,11,V1_to_V2,-0.01925585699938208
fighttomaga,17,V1_to_V2,-0.05034388443897974
fighttomaga,23,V1_to_V2,-0.05072042752442561
firstreply,11,V1_to_V2,-0.02730588614648696
firstreply,17,V1_to_V2,-0.07965215456536046
firstreply,23,V1_to_V2,-0.04527994094866168
fisttrumppump,11,V1_to_V2,0.017829980672445567
fisttrumppump,17,V1_to_V2,0.03510747106866813
fisttrumppump,23,V1_to_V2,0.035670220566497046
floos,11,V1_to_V2,-0.03322742825596728
floos,17,V1_to_V2,-0.054555703736346266
floos,23,V1_to_V2,-0.07163996677403789
fofar,11,V1_to_V2,-0.025564147047714477
fofar,17,V1_to_V2,-0.04406686785480487
fofar,23,V1_to_V2,-0.057002499855640015
forest,11,V1_to_V2,-0.0106480223141693
forest,17,V1_to_V2,-0.020302265501255266
forest,23,V1_to_V2,-0.04799283281363453
gamestop,11,V1_to_V2,-0.019943535648722952
gamestop,17,V1_to_V2,-0.05704961307235225
gamestop,23,V1_to_V2,-0.030481357219117707
gameswift,11,V1_to_V2,-0.04945710985893188
gameswift,17,V1_to_V2,-0.012532087344091586
gameswift,23,V1_to_V2,-0.01024866046266764
gdog,11,V1_to_V2,-0.010787808971823475
gdog,17,V1_to_V2,-0.020433931287270845
gdog,23,V1_to_V2,-0.0957709180935308
gikocat,11,V1_to_V2,0.12044623957700473
gikocat,17,V1_to_V2,0.10306520919413176
gikocat,23,V1_to_V2,0.13751795831554192
ginnanthecat,11,V1_to_V2,-0.012177375769587958
ginnanthecat,17,V1_to_V2,-0.041961896357061254
ginnanthecat,23,V1_to_V2,-0.0920757881893508
gme,11,V1_to_V2,-0.029641363425664532
gme,17,V1_to_V2,-0.05632039715075055
gme,23,V1_to_V2,-0.033731729576538014
groyper,11,V1_to_V2,0.008051296820350159
groyper,17,V1_to_V2,-0.02257439912678845
groyper,23,V1_to_V2,-0.04039436192108668
guacamole,11,V1_to_V2,-0.07672115270317088
guacamole,17,V1_to_V2,-0.04599444484812865
guacamole,23,V1_to_V2,-0.06797846996599657
gummy,11,V1_to_V2,-0.012976630864327363
gummy,17,V1_to_V2,-0.03213859155918489
gummy,23,V1_to_V2,-0.06491258130573112
habibisol,11,V1_to_V2,-0.07148541048500816
habibisol,17,V1_to_V2,-0.03062986904106526
habibisol,23,V1_to_V2,-0.058318078166273976
hami,11,V1_to_V2,-0.024352668728852063
hami,17,V1_to_V2,-0.03848948293700922
hami,23,V1_to_V2,-0.06928402666405242
hana,11,V1_to_V2,-0.05245212550124592
hana,17,V1_to_V2,-0.0621036740133467
hana,23,V1_to_V2,-0.05606103759761028
harrypottertrumphomersimpson777inu,11,V1_to_V2,-0.029925021769007448
harrypottertrumphomersimpson777inu,17,V1_to_V2,-0.04742145743799882
harrypottertrumphomersimpson777inu,23,V1_to_V2,-0.0061527029165321335
hawk2,11,V1_to_V2,-0.048704414573039395
hawk2,17,V1_to_V2,-0.07036848277260993
hawk2,23,V1_to_V2,-0.09047585942691458
hege,11,V1_to_V2,-0.03201816835544605
hege,17,V1_to_V2,-0.031279404145913264
hege,23,V1_to_V2,-0.026250375433527155
hehecat,11,V1_to_V2,-0.017276469846229284
hehecat,17,V1_to_V2,-0.037531297615887624
hehecat,23,V1_to_V2,-0.050081959728971295
hemule,11,V1_to_V2,-0.016617273346118178
hemule,17,V1_to_V2,-0.047096557637348456
hemule,23,V1_to_V2,-0.04705189201201912
historyofpepe,11,V1_to_V2,-0.03954837306421869
historyofpepe,17,V1_to_V2,-0.08162227201718611
historyofpepe,23,V1_to_V2,-0.01021949946705348
honk,11,V1_to_V2,-0.019538634078233103
honk,17,V1_to_V2,-0.050886928060886724
honk,23,V1_to_V2,-0.05133549433324785
hund,11,V1_to_V2,-0.046139634136720065
hund,17,V1_to_V2,-0.046599119208906095
hund,23,V1_to_V2,-0.008144648067634134
iiiilovvvyouuuu,11,V1_to_V2,-0.04351162041109781
iiiilovvvyouuuu,17,V1_to_V2,-0.04835732586956925
iiiilovvvyouuuu,23,V1_to_V2,-0.047241888530326674
illuminaticoin,11,V1_to_V2,-0.020532939935424193
illuminaticoin,17,V1_to_V2,-0.052475667306447066
illuminaticoin,23,V1_to_V2,-0.05320473080447104
inferno2,11,V1_to_V2,-0.08553185647420121
inferno2,17,V1_to_V2,-0.05712016063052085
inferno2,23,V1_to_V2,-0.031822318800303506
iq50,11,V1_to_V2,-0.0298914011944345
iq50,17,V1_to_V2,-0.06050905876914801
iq50,23,V1_to_V2,-0.06937752869217494
jeoboden,11,V1_to_V2,-0.019144983822388155
jeoboden,17,V1_to_V2,-0.05182970756930035
jeoboden,23,V1_to_V2,-0.04949440560383139
jesuscoin,11,V1_to_V2,-0.04478669684209698
jesuscoin,17,V1_to_V2,-0.004501548018773604
jesuscoin,23,V1_to_V2,-0.04913753706063096
k9financedao,11,V1_to_V2,-0.05259940863266406
k9financedao,17,V1_to_V2,-0.051436825531726973
k9financedao,23,V1_to_V2,-0.08778276123257003
katanainu,11,V1_to_V2,-0.0455397713705733
katanainu,17,V1_to_V2,-0.04445223369741074
katanainu,23,V1_to_V2,-0.0890183392683807
kekistan,11,V1_to_V2,-0.04548557330157919
kekistan,17,V1_to_V2,-0.06601224718131907
kekistan,23,V1_to_V2,-0.04708573755834477
kiboshib,11,V1_to_V2,-0.028437373159089743
kiboshib,17,V1_to_V2,-0.04776619788872138
kiboshib,23,V1_to_V2,-0.07309055695088361
kimbo,11,V1_to_V2,-0.06135188476386866
kimbo,17,V1_to_V2,-0.04420246503669058
kimbo,23,V1_to_V2,-0.09510988733180685
kittenhaimer,11,V1_to_V2,-0.007366504845072258
kittenhaimer,17,V1_to_V2,-0.02151759945226253
kittenhaimer,23,V1_to_V2,0.038418732375293335
koalaai,11,V1_to_V2,-0.033188208319941355
koalaai,17,V1_to_V2,-0.05760559393761511
koalaai,23,V1_to_V2,-0.07140407591909124
komainu,11,V1_to_V2,0.027963593717955097
komainu,17,V1_to_V2,0.02860837760871782
komainu,23,V1_to_V2,0.034023479055421225
leash,11,V1_to_V2,25.66741646484963
leash,17,V1_to_V2,24.61697708788035
leash,23,V1_to_V2,25.35432134565088
lethimcook,11,V1_to_V2,-0.033751366055286385
lethimcook,17,V1_to_V2,-0.05615772087154166
lethimcook,23,V1_to_V2,-0.05776838475514697
lilyscoin,11,V1_to_V2,0.13310821025754194
lilyscoin,17,V1_to_V2,0.15723680094745102
lilyscoin,23,V1_to_V2,0.1655016851494256
literallyme,11,V1_to_V2,-0.01582812883414066
literallyme,17,V1_to_V2,-0.05124115322525612
literallyme,23,V1_to_V2,-0.05454325368602551
littlemanyu,11,V1_to_V2,-0.01871689528864318
littlemanyu,17,V1_to_V2,-0.03320141772263476
littlemanyu,23,V1_to_V2,-0.09663028910163145
lmeow2,11,V1_to_V2,0.000917982715795039
lmeow2,17,V1_to_V2,0.0004443924727605651
lmeow2,23,V1_to_V2,-0.03329138210564761
loafcat,11,V1_to_V2,-0.0169816836168342
loafcat,17,V1_to_V2,-0.04447718333431121
loafcat,23,V1_to_V2,-0.06500564184246482
lovelyinufinance,11,V1_to_V2,-0.035980091661551375
lovelyinufinance,17,V1_to_V2,-0.031235439115065957
lovelyinufinance,23,V1_to_V2,-0.08720677347238483
luci,11,V1_to_V2,-0.028155299479147685
luci,17,V1_to_V2,-0.04653681502596872
luci,23,V1_to_V2,-0.046452896725831756
mad2,11,V1_to_V2,-0.028930865458343696
mad2,17,V1_to_V2,-0.04862393718234832
mad2,23,V1_to_V2,-0.04803924617584087
magahat,11,V1_to_V2,-0.02047175910221185
magahat,17,V1_to_V2,-0.05239503284530515
magahat,23,V1_to_V2,-0.0531156822455918
majorfrog,11,V1_to_V2,-0.023316376350879117
majorfrog,17,V1_to_V2,-0.052342551453757824
majorfrog,23,V1_to_V2,-0.043264884968022915
mars2,11,V1_to_V2,-0.03448877582263667
mars2,17,V1_to_V2,-0.05531668678195856
mars2,23,V1_to_V2,-0.06816612853252597
mellowman,11,V1_to_V2,-0.012591141300601594
mellowman,17,V1_to_V2,-0.019400762191756904
mellowman,23,V1_to_V2,-0.04393882149376129
memesai,11,V1_to_V2,0.0253002978467576
memesai,17,V1_to_V2,0.004155976768482974
memesai,23,V1_to_V2,0.0035232087949486693
metamonopoly,11,V1_to_V2,-0.045504556107586386
metamonopoly,17,V1_to_V2,-0.007523451062870203
metamonopoly,23,V1_to_V2,-0.08212061865919439
miladywifhat,11,V1_to_V2,-0.03591913587996705
miladywifhat,17,V1_to_V2,-0.03727325277876122
miladywifhat,23,V1_to_V2,-0.06989134576793361
mongcoin,11,V1_to_V2,-0.020532894383204842
mongcoin,17,V1_to_V2,-0.05247588537530225
mongcoin,23,V1_to_V2,-0.053205053591550526
monkeyhaircut,11,V1_to_V2,-0.023383488477986346
monkeyhaircut,17,V1_to_V2,-0.05644553161339798
monkeyhaircut,23,V1_to_V2,-0.06112712823083623
moodeng2,11,V1_to_V2,-0.02047145273913473
moodeng2,17,V1_to_V2,-0.0523788590240056
moodeng2,23,V1_to_V2,-0.05309257636116119
nailong,11,V1_to_V2,-0.00529609362698759
nailong,17,V1_to_V2,-0.0028586665872967973
nailong,23,V1_to_V2,-0.031080340775333837
nasdaq420,11,V1_to_V2,-0.03361350414956219
nasdaq420,17,V1_to_V2,-0.05668967826547862
nasdaq420,23,V1_to_V2,-0.09105896392746454
neiro,11,V1_to_V2,-0.021012742088512025
neiro,17,V1_to_V2,-0.04676605789504703
neiro,23,V1_to_V2,-0.049663177581595476
neiro2,11,V1_to_V2,-0.02491726209604247
neiro2,17,V1_to_V2,-0.045309276294374846
neiro2,23,V1_to_V2,-0.06962451148624994
newbornhaggispygmyhippo,11,V1_to_V2,-0.019729966898560904
newbornhaggispygmyhippo,17,V1_to_V2,-0.051398250064673544
newbornhaggispygmyhippo,23,V1_to_V2,-0.05196160296930175
nomnom,11,V1_to_V2,-0.019609065871348717
nomnom,17,V1_to_V2,-0.0543143187089211
nomnom,23,V1_to_V2,-0.0404116008160599
npconsolana,11,V1_to_V2,-0.014344059293773649
npconsolana,17,V1_to_V2,-0.03828351025903241
npconsolana,23,V1_to_V2,-0.06901364429096322
numogram,11,V1_to_V2,-0.03581374882274525
numogram,17,V1_to_V2,-0.02758180732772326
numogram,23,V1_to_V2,-0.023586165776047597
nya,11,V1_to_V2,-0.03937314143895066
nya,17,V1_to_V2,-0.05550191199956675
nya,23,V1_to_V2,-0.07123446885467095
ogroaringkitty,11,V1_to_V2,-0.01325394369689269
ogroaringkitty,17,V1_to_V2,-0.04763359125815505
ogroaringkitty,23,V1_to_V2,-0.04249367683737097
omega2,11,V1_to_V2,-0.007528423342845392
omega2,17,V1_to_V2,-0.03739698217143346
omega2,23,V1_to_V2,-0.04465931175694585
optimusai,11,V1_to_V2,0.023357065922627963
optimusai,17,V1_to_V2,0.017913986667566623
optimusai,23,V1_to_V2,0.004261105334398323
oscar,11,V1_to_V2,-0.039884546276860625
oscar,17,V1_to_V2,-0.0651080733013326
oscar,23,V1_to_V2,-0.04674100540105183
pajamascat,11,V1_to_V2,-0.03179113607429188
pajamascat,17,V1_to_V2,-0.04832659079792818
pajamascat,23,V1_to_V2,-0.05861668087839116
patriot,11,V1_to_V2,-0.02219931351921649
patriot,17,V1_to_V2,-0.05067142389468711
patriot,23,V1_to_V2,-0.04742784898548659
peng,11,V1_to_V2,0.028581516051964795
peng,17,V1_to_V2,0.042886363097614864
peng,23,V1_to_V2,0.014693419732360824
pestothebabykingpenguin,11,V1_to_V2,-0.040183486068974386
pestothebabykingpenguin,17,V1_to_V2,-0.06877741675350998
pestothebabykingpenguin,23,V1_to_V2,-0.02793577445830075
phil,11,V1_to_V2,-0.01303741608897098
phil,17,V1_to_V2,-0.026042107494928995
phil,23,V1_to_V2,-0.041329050260909245
pikaboss,11,V1_to_V2,-0.010938307851118113
pikaboss,17,V1_to_V2,-0.009967331198645409
pikaboss,23,V1_to_V2,-0.07873125515142203
pochita,11,V1_to_V2,-0.05387572325940079
pochita,17,V1_to_V2,-0.0703451406553904
pochita,23,V1_to_V2,-0.03436934953407361
polydoge,11,V1_to_V2,-0.058927005705517364
polydoge,17,V1_to_V2,-0.06272560044816665
polydoge,23,V1_to_V2,-0.08218464091096729
popdog,11,V1_to_V2,-0.03836175469458952
popdog,17,V1_to_V2,-0.00262908662454317
popdog,23,V1_to_V2,-0.010420781287047948
project89,11,V1_to_V2,-0.010079410456783679
project89,17,V1_to_V2,-0.042082388097045356
project89,23,V1_to_V2,-0.01646481846588268
prophetofethereum,11,V1_to_V2,-0.014092632489578922
prophetofethereum,17,V1_to_V2,-0.022985637775645724
prophetofethereum,23,V1_to_V2,-0.07956237732959581
pundu,11,V1_to_V2,-0.04093492648353033
pundu,17,V1_to_V2,-0.052421899639676084
pundu,23,V1_to_V2,-0.0448384540732005
qstar,11,V1_to_V2,-0.039262874726790686
qstar,17,V1_to_V2,-0.05802251619164935
qstar,23,V1_to_V2,-0.05968096103745945
rawr,11,V1_to_V2,-0.0051555261355477385
rawr,17,V1_to_V2,-0.02827424620169297
rawr,23,V1_to_V2,-0.07677611632854128
realsmurfcat,11,V1_to_V2,-0.026730656013086808
realsmurfcat,17,V1_to_V2,-0.04858643555550887
realsmurfcat,23,V1_to_V2,-0.07081562480297794
ribbit2,11,V1_to_V2,-0.056343958816372844
ribbit2,17,V1_to_V2,-0.07858768476888099
ribbit2,23,V1_to_V2,-0.04170037250229735
riko,11,V1_to_V2,-0.023671260573879714
riko,17,V1_to_V2,-0.030195361017792702
riko,23,V1_to_V2,-0.06336743713076656
rockytherock,11,V1_to_V2,-0.016973654742712962
rockytherock,17,V1_to_V2,-0.04987414994196472
rockytherock,23,V1_to_V2,-0.047614742056270844
ronnie,11,V1_to_V2,-0.017116595637649466
ronnie,17,V1_to_V2,-0.03730439669120118
ronnie,23,V1_to_V2,-0.0793259908996533
rsnoofi,11,V1_to_V2,-0.024348235752765936
rsnoofi,17,V1_to_V2,-0.06221238186889778
rsnoofi,23,V1_to_V2,-0.016171313136740258
ryujin,11,V1_to_V2,-0.10297446248765962
ryujin,17,V1_to_V2,-0.044206771251484624
ryujin,23,V1_to_V2,-0.11259578562505904
sadhamster,11,V1_to_V2,-0.009517328536809117
sadhamster,17,V1_to_V2,-0.038570615193307345
sadhamster,23,V1_to_V2,-0.04118771203988045
samoyedcoin,11,V1_to_V2,-0.026084489990843143
samoyedcoin,17,V1_to_V2,-0.013275509674479779
samoyedcoin,23,V1_to_V2,-0.0415061727504655
sharbi,11,V1_to_V2,-0.02808610986690533
sharbi,17,V1_to_V2,-0.00841325637787149
sharbi,23,V1_to_V2,-0.06964667267117824
sharkcat,11,V1_to_V2,-0.009261892526843542
sharkcat,17,V1_to_V2,-0.041245971287757865
sharkcat,23,V1_to_V2,-0.05674779941905299
sharki,11,V1_to_V2,-0.02092044895183846
sharki,17,V1_to_V2,-0.027609998806478502
sharki,23,V1_to_V2,-0.07006191781076875
shinainu,11,V1_to_V2,-0.03156755226523687
shinainu,17,V1_to_V2,-0.03903681982152053
shinainu,23,V1_to_V2,-0.06916052793850808
shoggoth,11,V1_to_V2,-0.025247858988386655
shoggoth,17,V1_to_V2,-0.006242524688858119
shoggoth,23,V1_to_V2,-0.008967704750876812
sillydragon,11,V1_to_V2,-0.04332335096503441
sillydragon,17,V1_to_V2,-0.061384321916072015
sillydragon,23,V1_to_V2,-0.022872945563215674
sillynubcat,11,V1_to_V2,-0.01010949396892269
sillynubcat,17,V1_to_V2,-0.04017266255443024
sillynubcat,23,V1_to_V2,-0.039433677019843634
slop,11,V1_to_V2,-0.022523919822895228
slop,17,V1_to_V2,-0.04474881232114431
slop,23,V1_to_V2,-0.05064430709441362
slothana,11,V1_to_V2,-0.04290751684546293
slothana,17,V1_to_V2,-0.04601432602041227
slothana,23,V1_to_V2,-0.08502459674563714
snapkero,11,V1_to_V2,-0.02053393582937009
snapkero,17,V1_to_V2,-0.05247547284741565
snapkero,23,V1_to_V2,-0.05320408908448971
solchat,11,V1_to_V2,0.007119151849151156
solchat,17,V1_to_V2,-0.027194165528248243
solchat,23,V1_to_V2,0.024791414517801424
speedy2,11,V1_to_V2,-0.018233657723576074
speedy2,17,V1_to_V2,-0.005006040674987848
speedy2,23,V1_to_V2,-0.01772879510650782
squidgrow2,11,V1_to_V2,-0.019675871859133928
squidgrow2,17,V1_to_V2,-0.005302875973140272
squidgrow2,23,V1_to_V2,-0.019074395096559595
strategicbitcoinreserve,11,V1_to_V2,0.25362047139690724
strategicbitcoinreserve,17,V1_to_V2,0.2634832111798999
strategicbitcoinreserve,23,V1_to_V2,0.2529744251747179
supercyclereal,11,V1_to_V2,-0.025295091695337953
supercyclereal,17,V1_to_V2,-0.053207807884620754
supercyclereal,23,V1_to_V2,-0.05860307027175256
supertrump,11,V1_to_V2,-0.03626933642687188
supertrump,17,V1_to_V2,-0.05783009557362208
supertrump,23,V1_to_V2,-0.05010823735091797
suwi,11,V1_to_V2,-0.031870239498149815
suwi,17,V1_to_V2,-0.055151060540384565
suwi,23,V1_to_V2,-0.04649333059632915
taoinu,11,V1_to_V2,-0.020768877150667858
taoinu,17,V1_to_V2,-0.049278028618703354
taoinu,23,V1_to_V2,-0.07268107298548955
tateterminal,11,V1_to_V2,-0.022251412266328673
tateterminal,17,V1_to_V2,-0.04183833612682134
tateterminal,23,V1_to_V2,-0.06374008010373365
tehepikduck,11,V1_to_V2,-0.02638647281961736
tehepikduck,17,V1_to_V2,-0.05330641923510217
tehepikduck,23,V1_to_V2,-0.05902367971344104
terminus2,11,V1_to_V2,0.022277545860764428
terminus2,17,V1_to_V2,0.01733841385232507
terminus2,23,V1_to_V2,-0.017338125954755174
terminus3,11,V1_to_V2,-0.056154839177039104
terminus3,17,V1_to_V2,-0.05916649561939911
terminus3,23,V1_to_V2,-0.07986751569877193
thebalkandwarf,11,V1_to_V2,-0.02022196425514037
thebalkandwarf,17,V1_to_V2,-0.05205243007858204
thebalkandwarf,23,V1_to_V2,-0.05272367434909157
thelastplay,11,V1_to_V2,-0.032530476822938886
thelastplay,17,V1_to_V2,-0.059858276022545544
thelastplay,23,V1_to_V2,-0.04775585507390905
thereallandwolf,11,V1_to_V2,-0.020066851520722368
thereallandwolf,17,V1_to_V2,-0.05182365159964683
thereallandwolf,23,V1_to_V2,-0.05245858256894452
thesoldog,11,V1_to_V2,-0.01485324513985358
thesoldog,17,V1_to_V2,-0.05156566982245721
thesoldog,23,V1_to_V2,-0.0657903941334643
tobi,11,V1_to_V2,-0.03482674094744841
tobi,17,V1_to_V2,-0.05610780699147476
tobi,23,V1_to_V2,-0.052311728965273835
toga,11,V1_to_V2,-0.014068405059059081
toga,17,V1_to_V2,-0.02649971911931338
toga,23,V1_to_V2,-0.0688524800054308
torsy,11,V1_to_V2,-0.025817847479331798
torsy,17,V1_to_V2,-0.045705399960193516
torsy,23,V1_to_V2,-0.06075827596221166
troll,11,V1_to_V2,-0.020532888874956103
troll,17,V1_to_V2,-0.052475878850728415
troll,23,V1_to_V2,-0.05320504641020158
uranus3,11,V1_to_V2,-0.06735907628078613
uranus3,17,V1_to_V2,-0.03818639339838178
uranus3,23,V1_to_V2,-0.009516443660113413
valhallaindex,11,V1_to_V2,-0.017033248472367132
valhallaindex,17,V1_to_V2,-0.04693347688179134
valhallaindex,23,V1_to_V2,-0.04694432068572165
vitainu,11,V1_to_V2,-0.026021671707571217
vitainu,17,V1_to_V2,-0.06476882448766758
vitainu,23,V1_to_V2,-0.03927425144931602
voltinu2,11,V1_to_V2,-0.03494844466850288
voltinu2,17,V1_to_V2,-0.053674733925602014
voltinu2,23,V1_to_V2,-0.06023131154327436
waffles,11,V1_to_V2,-0.023792506692876792
waffles,17,V1_to_V2,-0.05459452476212572
waffles,23,V1_to_V2,-0.04731256981190394
wassie,11,V1_to_V2,-0.023921487727812538
wassie,17,V1_to_V2,-0.052357597166677775
wassie,23,V1_to_V2,-0.06601690461542553
why,11,V1_to_V2,-0.013814801178704268
why,17,V1_to_V2,-0.030938340360556784
why,23,V1_to_V2,-0.0710519578899613
wicked,11,V1_to_V2,-0.022336247123928666
wicked,17,V1_to_V2,-0.0499389350164285
wicked,23,V1_to_V2,-0.05146979262459058
winniethepoodle,11,V1_to_V2,-0.04147568883620664
winniethepoodle,17,V1_to_V2,-0.054036842498240346
winniethepoodle,23,V1_to_V2,-0.06341010583175861
wrappeddog,11,V1_to_V2,-0.019151171299039708
wrappeddog,17,V1_to_V2,-0.050367104876698945
wrappeddog,23,V1_to_V2,-0.05073844742588136
zackmorris,11,V1_to_V2,-0.02234807929628076
zackmorris,17,V1_to_V2,-0.04042503234998244
zackmorris,23,V1_to_V2,-0.06678118755113678
zerotech,11,V1_to_V2,-0.03857940408289866
zerotech,17,V1_to_V2,-0.04933145110110611
zerotech,23,V1_to_V2,-0.03351580594176281
zoomer,11,V1_to_V2,-0.027652322099810566
zoomer,17,V1_to_V2,-0.06889574860626409
zoomer,23,V1_to_V2,-0.005382550481961515
zyncoin2,11,V1_to_V2,-0.04925812159489228
zyncoin2,17,V1_to_V2,-0.04236866930237427
zyncoin2,23,V1_to_V2,-0.05270581384636612
abi,11,V2_to_V3,1535.1063956108626
abi,17,V2_to_V3,1360.593473086496
abi,23,V2_to_V3,2263.978043557023
ai16z,11,V2_to_V3,1952206.0394715292
ai16z,17,V2_to_V3,1730487.5172713972
ai16z,23,V2_to_V3,2879536.7226723335
aicrystalnode,11,V2_to_V3,12.286607130273657
aicrystalnode,17,V2_to_V3,10.305421537822102
aicrystalnode,23,V2_to_V3,17.336191158823542
aiinu,11,V2_to_V3,141.77874738844733
aiinu,17,V2_to_V3,125.20966938709034
aiinu,23,V2_to_V3,208.4451319618897
aiwithdaddyissues,11,V2_to_V3,5410.186497049967
aiwithdaddyissues,17,V2_to_V3,4795.304626489742
aiwithdaddyissues,23,V2_to_V3,7979.503163469066
akiprotocol,11,V2_to_V3,2389.702996814082
akiprotocol,17,V2_to_V3,2117.957422238881
akiprotocol,23,V2_to_V3,3524.2458204338136
amaterasuomikami,11,V2_to_V3,2885.749571638199
amaterasuomikami,17,V2_to_V3,2558.982417298467
amaterasuomikami,23,V2_to_V3,4257.313291079791
americancoin,11,V2_to_V3,215982.2005377687
americancoin,17,V2_to_V3,191458.1713092
americancoin,23,V2_to_V3,318585.4184328452
analos,11,V2_to_V3,17584.58584480266
analos,17,V2_to_V3,15587.887021111492
analos,23,V2_to_V3,25938.14065421813
anyinu,11,V2_to_V3,1758.9500880131702
anyinu,17,V2_to_V3,1559.3936063187552
anyinu,23,V2_to_V3,2594.5330986055887
astropepex,11,V2_to_V3,1139.7363316014964
astropepex,17,V2_to_V3,1010.2672286960353
astropepex,23,V2_to_V3,1680.9676489283947
autism2,11,V2_to_V3,931.5604611754418
autism2,17,V2_to_V3,825.3598863334361
autism2,23,V2_to_V3,1373.3978901160262
autonomousvirtualbeings,11,V2_to_V3,35662.13027127884
autonomousvirtualbeings,17,V2_to_V3,31611.881104781132
autonomousvirtualbeings,23,V2_to_V3,52602.118487168234
avaxhasnochill,11,V2_to_V3,1115.1310023890999
avaxhasnochill,17,V2_to_V3,988.5111063693555
avaxhasnochill,23,V2_to_V3,1644.7735890480435
babybnb,11,V2_to_V3,8556.013490426923
babybnb,17,V2_to_V3,7585.751561443176
babybnb,23,V2_to_V3,12621.611614682763
babywen,11,V2_to_V3,78.47414800174167
babywen,17,V2_to_V3,68.9759501019337
babywen,23,V2_to_V3,114.94290557068956
badideaai,11,V2_to_V3,7156.647708365486
badideaai,17,V2_to_V3,6343.993226166291
badideaai,23,V2_to_V3,10556.351412642358
bananatapewall,11,V2_to_V3,1979.7413740382922
bananatapewall,17,V2_to_V3,1754.3729890993254
bananatapewall,23,V2_to_V3,2919.399859720618
beercoin2,11,V2_to_V3,17919.212451803538
beercoin2,17,V2_to_V3,15883.618013004503
beercoin2,23,V2_to_V3,26430.44780964051
benthedog,11,V2_to_V3,8703.89201964773
benthedog,17,V2_to_V3,7714.890935765581
benthedog,23,V2_to_V3,12837.64850474218
billy,11,V2_to_V3,38009.526713228326
billy,17,V2_to_V3,33692.32526526823
billy,23,V2_to_V3,56064.1674251337
bingusthecat,11,V2_to_V3,119.56751685369136
bingusthecat,17,V2_to_V3,105.46319527304124
bingusthecat,23,V2_to_V3,175.6045402615088
bitcat2,11,V2_to_V3,40.860903726934616
bitcat2,17,V2_to_V3,35.67013450757824
bitcat2,23,V2_to_V3,59.41418557986226
bobaoppa,11,V2_to_V3,3531.797347949079
bobaoppa,17,V2_to_V3,3130.20370135579
bobaoppa,23,V2_to_V3,5208.818612193969
bobtoken,11,V2_to_V3,16158.228282354878
bobtoken,17,V2_to_V3,14323.203852402396
bobtoken,23,V2_to_V3,23833.6953854529
bongocat,11,V2_to_V3,8020.868745945199
bongocat,17,V2_to_V3,7109.583668913713
bongocat,23,V2_to_V3,11830.355951039168
brainlet2,11,V2_to_V3,7702.7606240324285
brainlet2,17,V2_to_V3,6827.700748729267
brainlet2,23,V2_to_V3,11361.282825373208
brothecat,11,V2_to_V3,4474.8801546015375
brothecat,17,V2_to_V3,3966.691473938971
brothecat,23,V2_to_V3,6600.451010288006
buu,11,V2_to_V3,397.01568539203726
buu,17,V2_to_V3,351.38028368662435
buu,23,V2_to_V3,584.7454180283381
catalorian,11,V2_to_V3,3564.2880689819763
catalorian,17,V2_to_V3,3159.627945317881
catalorian,23,V2_to_V3,5257.456571039504
catana,11,V2_to_V3,8114.114739730344
catana,17,V2_to_V3,7192.231426747884
catana,23,V2_to_V3,11967.871558365363
catecoin,11,V2_to_V3,516.2446880903188
catecoin,17,V2_to_V3,457.1646696880881
catecoin,23,V2_to_V3,760.8293485272048
catwifhat2,11,V2_to_V3,8144.880677219904
catwifhat2,17,V2_to_V3,7219.964665103277
catwifhat2,23,V2_to_V3,12013.926050611735
chonky,11,V2_to_V3,1677.5807767093281
chonky,17,V2_to_V3,1486.9783850065721
chonky,23,V2_to_V3,2474.302918332467
chudjak,11,V2_to_V3,3611.558673613154
chudjak,17,V2_to_V3,3201.300612471871
chudjak,23,V2_to_V3,5326.937490210088
coal2,11,V2_to_V3,46.050385422541595
coal2,17,V2_to_V3,40.28183367702422
coal2,23,V2_to_V3,67.18519175437577
costcohotdog,11,V2_to_V3,2365.8425248951635
costcohotdog,17,V2_to_V3,2097.4474191787226
costcohotdog,23,V2_to_V3,3490.005025658649
crashout,11,V2_to_V3,3611.4522322536604
crashout,17,V2_to_V3,3201.272237349388
crashout,23,V2_to_V3,5326.897491466559
csi888,11,V2_to_V3,471.9327078702156
csi888,17,V2_to_V3,418.18329659400877
csi888,23,V2_to_V3,695.8530560715341
cumrocket,11,V2_to_V3,4089.762449374997
cumrocket,17,V2_to_V3,3624.8204444982334
cumrocket,23,V2_to_V3,6031.8297458302595
dancingtriangle2,11,V2_to_V3,515.5698012596507
dancingtriangle2,17,V2_to_V3,456.91388818429016
dancingtriangle2,23,V2_to_V3,760.1557360289487
darkmaga,11,V2_to_V3,8660.00796111789
darkmaga,17,V2_to_V3,7677.401624281596
darkmaga,23,V2_to_V3,12774.903743097879
deepworm,11,V2_to_V3,16945.765745491903
deepworm,17,V2_to_V3,15021.031113641415
deepworm,23,V2_to_V3,24995.00379177089
degenspartanai,11,V2_to_V3,139027.41261710323
degenspartanai,17,V2_to_V3,123237.65457687348
degenspartanai,23,V2_to_V3,205067.98253661688
dejitarutsuka,11,V2_to_V3,960.5488474326942
dejitarutsuka,17,V2_to_V3,851.1076994026971
dejitarutsuka,23,V2_to_V3,1416.2274372452805
dinolfg,11,V2_to_V3,396.5305320726623
dinolfg,17,V2_to_V3,351.85107206768936
dinolfg,23,V2_to_V3,585.2207931041742
dogebonk,11,V2_to_V3,19.677646063778298
dogebonk,17,V2_to_V3,17.108398161442675
dogebonk,23,V2_to_V3,28.41641067725879
dogemascotshibu,11,V2_to_V3,1819.4737362764386
dogemascotshibu,17,V2_to_V3,1612.3741056189306
dogemascotshibu,23,V2_to_V3,2683.0218381913733
dogeonsolana,11,V2_to_V3,1250.629716157868
dogeonsolana,17,V2_to_V3,1108.2561126537269
dogeonsolana,23,V2_to_V3,1844.100414457339
doggo3,11,V2_to_V3,3194.0377021882455
doggo3,17,V2_to_V3,2831.0200652574385
doggo3,23,V2_to_V3,4710.821310115367
donaldtremp,11,V2_to_V3,30986.32579948601
donaldtremp,17,V2_to_V3,27467.286518005338
donaldtremp,23,V2_to_V3,45705.31540039911
dorklord2,11,V2_to_V3,2898.3983293065576
dorklord2,17,V2_to_V3,2569.2373279300327
dorklord2,23,V2_to_V3,4275.234177639408
ducky,11,V2_to_V3,379.5190903437017
ducky,17,V2_to_V3,335.856182430973
ducky,23,V2_to_V3,558.9764747372066
duko,11,V2_to_V3,15265.731315918943
duko,17,V2_to_V3,13531.861012097681
duko,23,V2_to_V3,22516.980328962487
elgato,11,V2_to_V3,316.39273363842534
elgato,17,V2_to_V3,280.02363925442387
elgato,23,V2_to_V3,465.98641417044325
elon,11,V2_to_V3,4785.122134417825
elon,17,V2_to_V3,4242.061615787833
elon,23,V2_to_V3,7058.590538606833
eyeearn,11,V2_to_V3,38.93823988365718
eyeearn,17,V2_to_V3,33.90529718376989
eyeearn,23,V2_to_V3,56.5168372854991
feces,11,V2_to_V3,88.33302050633492
feces,17,V2_to_V3,78.06555090987712
feces,23,V2_to_V3,129.87714307403877
fefeoneth,11,V2_to_V3,1379.6496540911808
fefeoneth,17,V2_to_V3,1222.984917038132
fefeoneth,23,V2_to_V3,2034.9286081824976
feistydogenft,11,V2_to_V3,82.96895384295243
feistydogenft,17,V2_to_V3,73.0121203664164
feistydogenft,23,V2_to_V3,121.52232855748746
fighttomaga,11,V2_to_V3,29217.423217093696
fighttomaga,17,V2_to_V3,25899.279445566863
fighttomaga,23,V2_to_V3,43096.458541842294
firstreply,11,V2_to_V3,1619.9456617401183
firstreply,17,V2_to_V3,1435.8724584301904
firstreply,23,V2_to_V3,2389.2902513319355
fisttrumppump,11,V2_to_V3,128.09207725845
fisttrumppump,17,V2_to_V3,113.24245586627536
fisttrumppump,23,V2_to_V3,187.19832003077263
floos,11,V2_to_V3,257.93592910059067
floos,17,V2_to_V3,228.24227057189623
floos,23,V2_to_V3,379.8427915330064
fofar,11,V2_to_V3,1560.3332141687333
fofar,17,V2_to_V3,425.59008634577
fofar,23,V2_to_V3,677.8277707792412
forest,11,V2_to_V3,3605.0195326345197
forest,17,V2_to_V3,3195.1232109113407
forest,23,V2_to_V3,5316.7403853479245
gamestop,11,V2_to_V3,9579.29447037683
gamestop,17,V2_to_V3,8491.36687390359
gamestop,23,V2_to_V3,14129.644003432653
gameswift,11,V2_to_V3,1913.8381418730653
gameswift,17,V2_to_V3,1696.0661676499851
gameswift,23,V2_to_V3,2822.3669720604635
gdog,11,V2_to_V3,30.43726514076794
gdog,17,V2_to_V3,26.43255799559486
gdog,23,V2_to_V3,44.012588020167385
gikocat,11,V2_to_V3,14288.437832749245
gikocat,17,V2_to_V3,12674.435613255819
gikocat,23,V2_to_V3,21072.99897816221
ginnanthecat,11,V2_to_V3,11908.740839780106
ginnanthecat,17,V2_to_V3,10555.702706327016
ginnanthecat,23,V2_to_V3,17564.79352293151
gme,11,V2_to_V3,50395.210808444324
gme,17,V2_to_V3,44671.47909040307
gme,23,V2_to_V3,74333.57699139413
groyper,11,V2_to_V3,143.55276283773196
groyper,17,V2_to_V3,125.88791942834044
groyper,23,V2_to_V3,209.5204197410849
guacamole,11,V2_to_V3,1056.5263077134653
guacamole,17,V2_to_V3,936.5437255824078
guacamole,23,V2_to_V3,1558.2653852813453
gummy,11,V2_to_V3,7664.772929366784
gummy,17,V2_to_V3,6794.1038595007885
gummy,23,V2_to_V3,11305.360569849265
habibisol,11,V2_to_V3,4890.3095413797055
habibisol,17,V2_to_V3,4336.366946422591
habibisol,23,V2_to_V3,7214.876800537418
hami,11,V2_to_V3,1122.6960934975107
hami,17,V2_to_V3,995.229559984122
hami,23,V2_to_V3,1655.9158124062694
hana,11,V2_to_V3,7599.009090609806
hana,17,V2_to_V3,6735.916456433205
hana,23,V2_to_V3,11208.57443444534
harrypottertrumphomersimpson777inu,11,V2_to_V3,34.05375907880437
harrypottertrumphomersimpson777inu,17,V2_to_V3,29.635096187357277
harrypottertrumphomersimpson777inu,23,V2_to_V3,49.440019986714624
hawk2,11,V2_to_V3,1654.3097899986176
hawk2,17,V2_to_V3,1467.7192791455261
hawk2,23,V2_to_V3,2441.3110340821963
hege,11,V2_to_V3,5537.781654164799
hege,17,V2_to_V3,4908.594646344701
hege,23,V2_to_V3,8167.874349186549
hehecat,11,V2_to_V3,2387.1552581649134
hehecat,17,V2_to_V3,2115.6935922844395
hehecat,23,V2_to_V3,3520.5610375991437
hemule,11,V2_to_V3,1905.0649530445723
hemule,17,V2_to_V3,1688.8960769758048
hemule,23,V2_to_V3,2810.219293519926
historyofpepe,11,V2_to_V3,80.75893398190996
historyofpepe,17,V2_to_V3,71.08918889574036
historyofpepe,23,V2_to_V3,118.52781925178778
honk,11,V2_to_V3,144.76967759573296
honk,17,V2_to_V3,126.89175902974816
honk,23,V2_to_V3,211.18443591432265
hund,11,V2_to_V3,16328.01804837236
hund,17,V2_to_V3,14473.19779260428
hund,23,V2_to_V3,24083.514385772345
iiiilovvvyouuuu,11,V2_to_V3,937.2226893600152
iiiilovvvyouuuu,17,V2_to_V3,830.2067321294572
iiiilovvvyouuuu,23,V2_to_V3,1381.5229892123348
illuminaticoin,11,V2_to_V3,524.7725366403303
illuminaticoin,17,V2_to_V3,465.49795559564166
illuminaticoin,23,V2_to_V3,774.4757054144443
inferno2,11,V2_to_V3,676.1214746570985
inferno2,17,V2_to_V3,599.2528599563467
inferno2,23,V2_to_V3,997.1771893288048
iq50,11,V2_to_V3,288.51391692991376
iq50,17,V2_to_V3,255.20705829278043
iq50,23,V2_to_V3,424.7145607943188
jeoboden,11,V2_to_V3,3630.729415494541
jeoboden,17,V2_to_V3,3218.4999823843686
jeoboden,23,V2_to_V3,5355.518632667702
jesuscoin,11,V2_to_V3,583.5078283760427
jesuscoin,17,V2_to_V3,516.7795214684207
jesuscoin,23,V2_to_V3,860.018105484586
k9financedao,11,V2_to_V3,1316.722885732481
k9financedao,17,V2_to_V3,1167.4781633024832
k9financedao,23,V2_to_V3,1942.365620956315
katanainu,11,V2_to_V3,1814.5165049149548
katanainu,17,V2_to_V3,1608.3573231744117
katanainu,23,V2_to_V3,2676.1726995622316
kekistan,11,V2_to_V3,537.2348013854869
kekistan,17,V2_to_V3,475.6847824035268
kekistan,23,V2_to_V3,791.6957120175098
kiboshib,11,V2_to_V3,6093.710094618503
kiboshib,17,V2_to_V3,5401.647473948884
kiboshib,23,V2_to_V3,8988.219494297062
kimbo,11,V2_to_V3,1328.5470738518966
kimbo,17,V2_to_V3,1177.6263409873607
kimbo,23,V2_to_V3,1959.4451897174022
kittenhaimer,11,V2_to_V3,3243.668402468948
kittenhaimer,17,V2_to_V3,2874.8305169160094
kittenhaimer,23,V2_to_V3,4783.8049389237685
koalaai,11,V2_to_V3,2072.752103096038
koalaai,17,V2_to_V3,1837.5626874592983
koalaai,23,V2_to_V3,3057.467407307743
komainu,11,V2_to_V3,81241.77028856515
komainu,17,V2_to_V3,72014.58778002093
komainu,23,V2_to_V3,119832.57723299696
leash,11,V2_to_V3,6778.317768290796
leash,17,V2_to_V3,5905.4115192536065
leash,23,V2_to_V3,9834.790414745414
lethimcook,11,V2_to_V3,907.9250561755235
lethimcook,17,V2_to_V3,804.2745061740529
lethimcook,23,V2_to_V3,1338.4366136380424
lilyscoin,11,V2_to_V3,2738.014958909205
lilyscoin,17,V2_to_V3,2428.4410815123097
lilyscoin,23,V2_to_V3,4038.873179646202
literallyme,11,V2_to_V3,130.77470728174464
literallyme,17,V2_to_V3,115.37269578123393
literallyme,23,V2_to_V3,192.0103816873745
littlemanyu,11,V2_to_V3,7883.852886862868
littlemanyu,17,V2_to_V3,6988.54400273872
littlemanyu,23,V2_to_V3,11628.65975556992
lmeow2,11,V2_to_V3,2534.244862847005
lmeow2,17,V2_to_V3,2245.8842398542843
lmeow2,23,V2_to_V3,3737.283452049105
loafcat,11,V2_to_V3,352.22410513016985
loafcat,17,V2_to_V3,311.8042546125862
loafcat,23,V2_to_V3,518.9143943567229
lovelyinufinance,11,V2_to_V3,2827.462285436075
lovelyinufinance,17,V2_to_V3,2506.3589983313923
lovelyinufinance,23,V2_to_V3,4170.3341211400175
luci,11,V2_to_V3,1745.659583458757
luci,17,V2_to_V3,1547.1729897132375
luci,23,V2_to_V3,2574.4740229318077
mad2,11,V2_to_V3,10738.323700683235
mad2,17,V2_to_V3,9518.368066613897
mad2,23,V2_to_V3,15838.594671550263
magahat,11,V2_to_V3,77704.67921312834
magahat,17,V2_to_V3,68879.69005698933
magahat,23,V2_to_V3,114616.10550336818
majorfrog,11,V2_to_V3,8079.073929251653
majorfrog,17,V2_to_V3,7161.5290899656875
majorfrog,23,V2_to_V3,11916.778748953475
mars2,11,V2_to_V3,7025.010864323089
mars2,17,V2_to_V3,6227.3780673245865
mars2,23,V2_to_V3,10362.162259656174
mellowman,11,V2_to_V3,91.05740654169895
mellowman,17,V2_to_V3,80.44586358287584
mellowman,23,V2_to_V3,133.8686802428912
memesai,11,V2_to_V3,16155.542094999317
memesai,17,V2_to_V3,14320.344195745896
memesai,23,V2_to_V3,23829.133405023695
metamonopoly,11,V2_to_V3,468.76654712198024
metamonopoly,17,V2_to_V3,415.7283447231995
metamonopoly,23,V2_to_V3,691.4819289487264
miladywifhat,11,V2_to_V3,11.896754664465739
miladywifhat,17,V2_to_V3,9.966281656476756
miladywifhat,23,V2_to_V3,16.764162568358714
mongcoin,11,V2_to_V3,10314.78580014671
mongcoin,17,V2_to_V3,9143.519397834676
mongcoin,23,V2_to_V3,15214.773186720435
monkeyhaircut,11,V2_to_V3,1134.866667902609
monkeyhaircut,17,V2_to_V3,1006.0297124873399
monkeyhaircut,23,V2_to_V3,1673.9198977608821
moodeng2,11,V2_to_V3,73840.17962541545
moodeng2,17,V2_to_V3,65453.76197889723
moodeng2,23,V2_to_V3,108915.38956380473
nailong,11,V2_to_V3,5020.633018792596
nailong,17,V2_to_V3,4450.053731513751
nailong,23,V2_to_V3,7404.988322698692
nasdaq420,11,V2_to_V3,1464.7844186921695
nasdaq420,17,V2_to_V3,1298.5769329496634
nasdaq420,23,V2_to_V3,2160.573331147718
neiro,11,V2_to_V3,41995.45481784184
neiro,17,V2_to_V3,37225.65960211935
neiro,23,V2_to_V3,61943.68645188903
neiro2,11,V2_to_V3,10079.688307791841
neiro2,17,V2_to_V3,8934.995273528002
neiro2,23,V2_to_V3,14867.70867519692
newbornhaggispygmyhippo,11,V2_to_V3,188.86484300292534
newbornhaggispygmyhippo,17,V2_to_V3,166.87005793842906
newbornhaggispygmyhippo,23,V2_to_V3,277.70496107338215
nomnom,11,V2_to_V3,6886.890415148741
nomnom,17,V2_to_V3,6104.336575180552
nomnom,23,V2_to_V3,10157.681827567714
npconsolana,11,V2_to_V3,5660.57603733822
npconsolana,17,V2_to_V3,5017.959613953301
npconsolana,23,V2_to_V3,8349.63065240999
numogram,11,V2_to_V3,30985.176587539125
numogram,17,V2_to_V3,27465.91973655662
numogram,23,V2_to_V3,45703.37556286002
nya,11,V2_to_V3,887.5605039198333
nya,17,V2_to_V3,786.7982480240693
nya,23,V2_to_V3,1309.0752025419024
ogroaringkitty,11,V2_to_V3,712.7216722974591
ogroaringkitty,17,V2_to_V3,631.8596244945569
ogroaringkitty,23,V2_to_V3,1051.341386197485
omega2,11,V2_to_V3,248.84225194513797
omega2,17,V2_to_V3,220.01184302148874
omega2,23,V2_to_V3,366.1913805025084
optimusai,11,V2_to_V3,573.1144197575635
optimusai,17,V2_to_V3,507.90222246905165
optimusai,23,V2_to_V3,845.1160135293559
oscar,11,V2_to_V3,4948.772550239893
oscar,17,V2_to_V3,4387.417934777036
oscar,23,V2_to_V3,7300.328313059102
pajamascat,11,V2_to_V3,488.8792270890124
pajamascat,17,V2_to_V3,432.7782699099614
pajamascat,23,V2_to_V3,720.3076763733031
patriot,11,V2_to_V3,14330.729567977225
patriot,17,V2_to_V3,12703.53490019938
patriot,23,V2_to_V3,21138.4686688412
peng,11,V2_to_V3,9982.567018131087
peng,17,V2_to_V3,8848.8443352241
peng,23,V2_to_V3,14724.21971490321
pestothebabykingpenguin,11,V2_to_V3,6805.323850507762
pestothebabykingpenguin,17,V2_to_V3,6031.964028037388
pestothebabykingpenguin,23,V2_to_V3,10037.330475453764
phil,11,V2_to_V3,44906.3711375739
phil,17,V2_to_V3,39806.60764756837
phil,23,V2_to_V3,66237.98661083744
pikaboss,11,V2_to_V3,218.0106849065828
pikaboss,17,V2_to_V3,192.73582269152342
pikaboss,23,V2_to_V3,320.7565104095971
pochita,11,V2_to_V3,17018.721545313045
pochita,17,V2_to_V3,15085.766716023745
pochita,23,V2_to_V3,25102.81696556831
polydoge,11,V2_to_V3,3377.4854537797946
polydoge,17,V2_to_V3,2993.3259734620156
polydoge,23,V2_to_V3,4981.043085628405
popdog,11,V2_to_V3,4077.0495418232385
popdog,17,V2_to_V3,3614.4820535949375
popdog,23,V2_to_V3,6014.202479225273
project89,11,V2_to_V3,17982.761206648254
project89,17,V2_to_V3,15940.028377253817
project89,23,V2_to_V3,26524.365493127247
prophetofethereum,11,V2_to_V3,74.12526772737596
prophetofethereum,17,V2_to_V3,65.32051452900645
prophetofethereum,23,V2_to_V3,108.67707948934259
pundu,11,V2_to_V3,10879.131565139622
pundu,17,V2_to_V3,9643.86051362627
pundu,23,V2_to_V3,16047.24666375568
qstar,11,V2_to_V3,1433.9305835031612
qstar,17,V2_to_V3,1272.4954825832078
qstar,23,V2_to_V3,2116.674322104914
rawr,11,V2_to_V3,661.1846685416801
rawr,17,V2_to_V3,585.6590269555102
rawr,23,V2_to_V3,974.5425195251838
realsmurfcat,11,V2_to_V3,1557.905629920072
realsmurfcat,17,V2_to_V3,1380.609851980392
realsmurfcat,23,V2_to_V3,2297.397950917569
ribbit2,11,V2_to_V3,510.49184359858157
ribbit2,17,V2_to_V3,452.2661976633741
ribbit2,23,V2_to_V3,752.6343303602539
riko,11,V2_to_V3,112.51771154505761
riko,17,V2_to_V3,100.43434111728598
riko,23,V2_to_V3,167.14427111883737
rockytherock,11,V2_to_V3,4312.489775209799
rockytherock,17,V2_to_V3,3822.874484780739
rockytherock,23,V2_to_V3,6361.193365533219
ronnie,11,V2_to_V3,413.4249606117811
ronnie,17,V2_to_V3,366.3764105972038
ronnie,23,V2_to_V3,609.5030673310957
rsnoofi,11,V2_to_V3,5926.9203651942735
rsnoofi,17,V2_to_V3,5253.738077160644
rsnoofi,23,V2_to_V3,8742.22925697768
ryujin,11,V2_to_V3,389.8455537695368
ryujin,17,V2_to_V3,283.5020857985323
ryujin,23,V2_to_V3,448.77254450287654
sadhamster,11,V2_to_V3,10283.7588699435
sadhamster,17,V2_to_V3,9115.769120961935
sadhamster,23,V2_to_V3,15168.598564405898
samoyedcoin,11,V2_to_V3,9575.699773865297
samoyedcoin,17,V2_to_V3,8487.772529696133
samoyedcoin,23,V2_to_V3,14123.788488556229
sharbi,11,V2_to_V3,52.35932368719305
sharbi,17,V2_to_V3,46.40755437324131
sharbi,23,V2_to_V3,77.0971053318917
sharkcat,11,V2_to_V3,11916.631670344275
sharkcat,17,V2_to_V3,10563.43538722742
sharkcat,23,V2_to_V3,17577.374462995384
sharki,11,V2_to_V3,136.52378492679134
sharki,17,V2_to_V3,120.56172178407887
sharki,23,V2_to_V3,200.59792094075647
shinainu,11,V2_to_V3,117.8543610930608
shinainu,17,V2_to_V3,104.08984964480773
shinainu,23,V2_to_V3,173.30013070270851
shoggoth,11,V2_to_V3,38061.70238188284
shoggoth,17,V2_to_V3,33738.592973186824
shoggoth,23,V2_to_V3,56141.133437003315
sillydragon,11,V2_to_V3,19648.844665262255
sillydragon,17,V2_to_V3,17417.457618165536
sillydragon,23,V2_to_V3,28982.611364928667
sillynubcat,11,V2_to_V3,14730.182059546582
sillynubcat,17,V2_to_V3,13057.046754552432
sillynubcat,23,V2_to_V3,21726.957205598956
slop,11,V2_to_V3,1249.0319272121496
slop,17,V2_to_V3,1106.648011653031
slop,23,V2_to_V3,1841.4987530706098
slothana,11,V2_to_V3,5445.079572505343
slothana,17,V2_to_V3,4826.745341214945
slothana,23,V2_to_V3,8031.594966122798
snapkero,11,V2_to_V3,4582.677839555145
snapkero,17,V2_to_V3,4062.4461364459253
snapkero,23,V2_to_V3,6759.834884022346
solchat,11,V2_to_V3,1438.0352236423298
solchat,17,V2_to_V3,1274.38066543648
solchat,23,V2_to_V3,2120.2061942545984
speedy2,11,V2_to_V3,1410.5191553644029
speedy2,17,V2_to_V3,1249.9604539592476
speedy2,23,V2_to_V3,2080.0433724398054
squidgrow2,11,V2_to_V3,2558.2888746883605
squidgrow2,17,V2_to_V3,2267.525276002585
squidgrow2,23,V2_to_V3,3773.128132054641
strategicbitcoinreserve,11,V2_to_V3,33551.03333168949
strategicbitcoinreserve,17,V2_to_V3,29744.00228915133
strategicbitcoinreserve,23,V2_to_V3,49487.48578947595
supercyclereal,11,V2_to_V3,3502.9302518743143
supercyclereal,17,V2_to_V3,3104.7442429758844
supercyclereal,23,V2_to_V3,5166.34100326368
supertrump,11,V2_to_V3,8801.484842359578
supertrump,17,V2_to_V3,7801.700773560985
supertrump,23,V2_to_V3,12982.094986641121
suwi,11,V2_to_V3,761.5356982524088
suwi,17,V2_to_V3,674.4438361237959
suwi,23,V2_to_V3,1122.4678478773665
taoinu,11,V2_to_V3,469.4590551479171
taoinu,17,V2_to_V3,415.99779846318035
taoinu,23,V2_to_V3,692.1457078563545
tateterminal,11,V2_to_V3,362.4609892550887
tateterminal,17,V2_to_V3,320.7424398720272
tateterminal,23,V2_to_V3,533.8155258709437
tehepikduck,11,V2_to_V3,7712.247995106628
tehepikduck,17,V2_to_V3,6836.689720609026
tehepikduck,23,V2_to_V3,11376.01975624259
terminus2,11,V2_to_V3,15718.503436011033
terminus2,17,V2_to_V3,13933.754750606695
terminus2,23,V2_to_V3,23185.153388288472
terminus3,11,V2_to_V3,321.71184846781483
terminus3,17,V2_to_V3,284.94512622413754
terminus3,23,V2_to_V3,473.95855834655174
thebalkandwarf,11,V2_to_V3,4022.1740919848708
thebalkandwarf,17,V2_to_V3,3565.3375193367438
thebalkandwarf,23,V2_to_V3,5932.69135198211
thelastplay,11,V2_to_V3,23662.771183465447
thelastplay,17,V2_to_V3,20976.700622655422
thelastplay,23,V2_to_V3,34904.778356108916
thereallandwolf,11,V2_to_V3,5656.596595984589
thereallandwolf,17,V2_to_V3,5014.000475186379
thereallandwolf,23,V2_to_V3,8343.295134852504
thesoldog,11,V2_to_V3,3255.7563195075295
thesoldog,17,V2_to_V3,2886.981215074394
thesoldog,23,V2_to_V3,4803.260224279112
tobi,11,V2_to_V3,1454.8535192677355
tobi,17,V2_to_V3,1289.0755474354567
tobi,23,V2_to_V3,2145.16982897124
toga,11,V2_to_V3,644.3238230992248
toga,17,V2_to_V3,570.6002181760553
toga,23,V2_to_V3,949.5117111561984
torsy,11,V2_to_V3,382.28934596158217
torsy,17,V2_to_V3,338.8069337151516
torsy,23,V2_to_V3,563.6683682979058
troll,11,V2_to_V3,30372.360423257258
troll,17,V2_to_V3,26922.960271743537
troll,23,V2_to_V3,44799.888053314105
uranus3,11,V2_to_V3,137.29848682535535
uranus3,17,V2_to_V3,121.17748218863436
uranus3,23,V2_to_V3,201.67139856144922
valhallaindex,11,V2_to_V3,287.9329518594285
valhallaindex,17,V2_to_V3,254.88010122264515
valhallaindex,23,V2_to_V3,424.12981473231343
vitainu,11,V2_to_V3,66878.85685839101
vitainu,17,V2_to_V3,59283.42580121183
vitainu,23,V2_to_V3,98647.74832148151
voltinu2,11,V2_to_V3,2098.190055102512
voltinu2,17,V2_to_V3,1859.5319853905712
voltinu2,23,V2_to_V3,3094.328068414503
waffles,11,V2_to_V3,6690.752223716547
waffles,17,V2_to_V3,5931.2966772245045
waffles,23,V2_to_V3,9869.572892481212
wassie,11,V2_to_V3,94.71020422226903
wassie,17,V2_to_V3,83.44743980717472
wassie,23,V2_to_V3,138.88791694651542
why,11,V2_to_V3,55330.1268720433
why,17,V2_to_V3,49045.967388935554
why,23,V2_to_V3,81612.64832160683
wicked,11,V2_to_V3,462.6116020878944
wicked,17,V2_to_V3,409.926764667024
wicked,23,V2_to_V3,682.0866928221241
winniethepoodle,11,V2_to_V3,900.7496873100914
winniethepoodle,17,V2_to_V3,798.8992596107781
winniethepoodle,23,V2_to_V3,1328.9881275718649
wrappeddog,11,V2_to_V3,16748.986704989053
wrappeddog,17,V2_to_V3,14846.781797356083
wrappeddog,23,V2_to_V3,24705.06184499762
zackmorris,11,V2_to_V3,2801.449274934363
zackmorris,17,V2_to_V3,2483.010651002782
zackmorris,23,V2_to_V3,4131.71551646122
zerotech,11,V2_to_V3,136.041277619403
zerotech,17,V2_to_V3,121.14215440026061
zerotech,23,V2_to_V3,201.303105311592
zoomer,11,V2_to_V3,40.1239468628973
zoomer,17,V2_to_V3,35.162426167649265
zoomer,23,V2_to_V3,58.537034027351424
zyncoin2,11,V2_to_V3,5657.820847062081
zyncoin2,17,V2_to_V3,5015.728906711723
zyncoin2,23,V2_to_V3,8345.820576226979
