seed,sheet_name,variant,mae,rmse,mape,smape,directional_accuracy,roi_proxy,n_obs
11,1guy,V0,0.004792313265146371,0.004800918607289535,63.14360763033544,92.30973626940091,0.8125,0.012281090829074776,16
11,1guy,V1,0.01053533051397671,0.010539139188271216,139.28338197342086,82.0182904608457,0.1875,-0.012281090829074776,16
11,1guy,V2,0.00026923322433094365,0.000345510309000528,3.6534735992573495,3.5530578211092116,0.375,-0.001783183660950989,16
11,1guy,V3,0.0010670743750000001,0.002526682169712635,14.851842211944083,27.32257247923161,0.5625,0.007812263991213461,16
11,1squirrel,V0,0.0034157763911382387,0.0034171165196099054,744.0663497846956,156.42510595688321,0.07142857142857142,-0.14138370527662958,14
11,1squirrel,V1,0.0055360629192748026,0.005899079850360602,1223.2840079662253,178.1529350042709,0.21428571428571427,-0.1285593714370675,14
11,1squirrel,V2,0.0010483695222297056,0.0010896945524196894,233.56254834489727,102.82532538638375,0.14285714285714285,-0.13600470510648588,14
11,1squirrel,V3,0.0005449285714285713,0.0005530482504525001,121.73036991553035,73.64560287719317,0.07142857142857142,-0.14138370527662958,14
11,360noscope420blazeit,V0,0.07539595186477631,0.07954210141301792,78.09084484900278,128.8912090878333,0.5882352941176471,-0.07062016256439962,17
11,360noscope420blazeit,V1,0.06969072185056102,0.07562301029923307,72.55630694734205,124.44502121550094,0.5882352941176471,-0.07062016256439962,17
11,360noscope420blazeit,V2,0.039777369186886645,0.05036823231023183,39.827644260523876,44.108456573543144,0.5882352941176471,-0.014443662382765359,17
11,360noscope420blazeit,V3,0.08999467839282357,0.09330136611727528,94.78045444477988,180.239264595206,0.5882352941176471,-0.07062016256439962,17
11,5,V0,0.0029969611468087715,0.0030164058680226457,260.11428731281296,109.38650473971843,0.2,-0.14433495652157646,15
11,5,V1,0.00641404746846827,0.009659092539687346,584.233312629419,179.52139453077493,0.4666666666666667,-0.04375574403886228,15
11,5,V2,0.0013590333292993761,0.0014117774892169965,122.18159255100227,71.45516154942507,0.26666666666666666,-0.07672211777520514,15
11,5,V3,0.0013025060000000006,0.0013432517851864809,113.74699226206064,78.26833132938799,0.3333333333333333,-0.03494136743556674,15
11,6,V0,0.011601249535181091,0.0129041410595446,53.04113802085148,38.952437272594,0.5454545454545454,0.2339833152096749,11
11,6,V1,0.02586317272727272,0.026624061842746002,100.0,200.0,0.5454545454545454,-0.14869151561902433,11
11,6,V2,0.021062506465313265,0.02323726465463129,93.33108310623052,58.646859165514975,0.45454545454545453,0.14869151561902433,11
11,6,V3,0.02090002727272727,0.021834562177574422,91.70914626402717,59.454785804980546,0.45454545454545453,0.14869151561902433,11
11,888token,V0,0.028694181463530956,0.03128074307889321,29.84418558754019,25.154868622140057,0.35294117647058826,-0.009244612319318456,17
11,888token,V1,0.037294379680397935,0.046292972996228365,38.04684579894899,30.556170214912537,0.47058823529411764,-0.014346616712369867,17
11,888token,V2,0.017499368968396812,0.022168620817416888,18.3188753855703,15.970856070641643,0.6470588235294118,0.05490302108189798,17
11,888token,V3,0.02517489411764706,0.04327758149459344,25.52578761480128,42.80740996805936,0.5294117647058824,0.012086840882549403,17
11,abi,V0,0.007377779687976123,0.007640281401794291,59.08613154636315,44.24893725388497,0.29411764705882354,-0.04825502065331623,17
11,abi,V1,0.032032048420333005,0.049506410033467924,238.53118408352748,140.9748250804556,0.47058823529411764,-0.054013377905328994,17
11,abi,V2,0.005917391321877288,0.006201075150870762,47.473989179929866,37.195008967163204,0.29411764705882354,-0.04825502065331623,17
11,abi,V3,0.004088254117647058,0.005148512910953883,35.038298550677744,50.57399878282064,0.5294117647058824,0.021661482016659087,17
11,adillo,V0,0.004844197530728489,0.004845464590162673,1226.598472804957,170.4301717095811,0.125,-0.21156764341231526,8
11,adillo,V1,0.00184638125,0.004245319503890432,352.4975622728482,197.84480946977078,0.75,0.16905186276696413,8
11,adillo,V2,0.0007617019795358525,0.0007682945850469045,197.80588183084262,96.10935562886279,0.125,-0.21156764341231526,8
11,adillo,V3,0.00054827625,0.0005580448014720682,144.3748117932629,80.28053508839719,0.125,-0.21156764341231526,8
11,agentaigo,V0,0.44609860074054314,0.45267151193993355,220.40823578086065,101.13363319203663,0.0,-0.258241280351638,9
11,agentaigo,V1,0.36626838122558425,0.3731197142282159,178.48612239747678,91.34475384932182,0.0,-0.258241280351638,9
11,agentaigo,V2,0.39042274742711214,0.39551438591231,191.92328821951986,94.79774731806798,0.0,-0.258241280351638,9
11,agentaigo,V3,0.3710037222222222,0.3746291469304085,181.96933599189887,92.49014893578331,0.0,-0.258241280351638,9
11,agenttank,V0,0.012792686615205958,0.013449563497990277,140.08164217411965,73.33337678148646,0.2,-0.20378408498384845,10
11,agenttank,V1,0.020653793188260872,0.024531476824626686,189.829928200338,179.0791793154216,0.6,0.050636546493210664,10
11,agenttank,V2,0.008360661825228443,0.009770348946040232,100.85955782857911,55.496195649520885,0.3,-0.14028033848927582,10
11,agenttank,V3,0.007969283999999998,0.008996942672589395,93.26998866073217,54.46236435001255,0.3,-0.14028033848927582,10
11,aicrystalnode,V0,0.004961956219115988,0.0049619660356859776,8722.740034344552,195.4039195450189,0.29411764705882354,-0.06735709260621926,17
11,aicrystalnode,V1,5.8371176470588245e-05,5.91096972734991e-05,100.0,200.0,0.7058823529411765,0.06735709260621926,17
11,aicrystalnode,V2,0.0007371553644809467,0.0007440432651894751,1310.954757956953,172.1529663984468,0.29411764705882354,-0.06735709260621926,17
11,aicrystalnode,V3,0.001168735882352941,0.0012791997022334387,1948.5703827729403,186.86142772187483,0.47058823529411764,-0.022218747855833085,17
11,aiinu,V0,0.010030456400400178,0.010079049378305355,114.68397971826047,72.16265084541601,0.058823529411764705,-0.055078683179285014,17
11,aiinu,V1,0.005573813729701935,0.006467804555155596,62.88253204040022,100.85587131895504,0.6470588235294118,0.017800661674743472,17
11,aiinu,V2,0.007564435494315427,0.0076499127154364185,86.83795441800181,59.72699072184015,0.058823529411764705,-0.055078683179285014,17
11,aiinu,V3,0.004890200588235294,0.0051005197183580046,56.895588864629644,66.67392448094165,0.23529411764705882,-0.021828378338837003,17
11,aimerica,V0,0.009450059445207442,0.00945820452210626,783.653932923855,157.5642982065235,0.1111111111111111,-0.21187466125794685,9
11,aimerica,V1,0.0032499528193987094,0.006383544317138673,289.4183470875839,197.78305977507924,1.0,0.21396297672302317,9
11,aimerica,V2,0.011029547943635558,0.011091461882850488,912.7424988343025,162.28618810176297,0.1111111111111111,-0.21187466125794685,9
11,aimerica,V3,0.013265624444444445,0.013269578670636916,1096.37173346707,167.78769096645507,0.1111111111111111,-0.21187466125794685,9
11,aimonicabrands,V0,0.025398362072370947,0.026652585974450787,154.98333206848875,78.42497219255064,0.0,-0.23642271518919958,11
11,aimonicabrands,V1,0.019400226407438458,0.022668968815351444,100.51676718687897,132.96465069526653,0.6363636363636364,0.055218589565895225,11
11,aimonicabrands,V2,0.01657639367334657,0.018209352499570737,104.25634083951381,60.65440892414684,0.09090909090909091,-0.23364015268344748,11
11,aimonicabrands,V3,0.011759613636363632,0.013757406859273692,78.86763672573272,48.527562576169466,0.2727272727272727,-0.14514543194885654,11
11,aishellnova,V0,0.01040718751447446,0.010668914707590628,211.3234322836248,93.3897412940877,0.14285714285714285,-0.22935811697949587,7
11,aishellnova,V1,0.010332119296420084,0.011985991290031564,219.19534987552854,124.73141951448163,0.5714285714285714,0.01362489929879153,7
11,aishellnova,V2,0.009437930063990154,0.009912642512974993,197.81612712147862,87.95425595132374,0.14285714285714285,-0.22935811697949587,7
11,aishellnova,V3,0.012657640000000001,0.012864332976185415,252.75366165389715,102.77033676450105,0.14285714285714285,-0.22935811697949587,7
11,aitraderagent,V0,0.004072562272962348,0.004074273541561762,562.9886685591949,146.77917553125155,0.16666666666666666,-0.14481131610246886,6
11,aitraderagent,V1,0.0009234192658667427,0.001026375294971458,122.84397806319811,184.74669916918688,0.6666666666666666,0.1163404850455879,6
11,aitraderagent,V2,0.0007328646020293515,0.0007868081991568397,102.68650923163023,64.83438532405818,0.16666666666666666,-0.14481131610246886,6
11,aitraderagent,V3,0.0007092266666666667,0.000715480643204273,99.51876963849031,65.31166879873388,0.16666666666666666,-0.14481131610246886,6
11,aiwarpertoken,V0,0.005170207857142858,0.005170703643175656,3134.057910237927,186.7977868426094,0.35714285714285715,-0.0006822272152767533,14
11,aiwarpertoken,V1,0.00018364214285714286,0.000197107372062611,100.0,200.0,0.6428571428571429,0.0006822272152767533,14
11,aiwarpertoken,V2,0.00022427191719056385,0.00023389346252898678,143.67068070296153,79.149578368757,0.35714285714285715,-0.0006822272152767533,14
11,aiwarpertoken,V3,0.00018427928571428567,0.0001927506008328601,120.3637761224653,70.70738819462356,0.42857142857142855,0.06064076890826956,14
11,aiwithdaddyissues,V0,0.001393476972271169,0.001535577876900624,136.58251153647564,69.50734155387526,0.29411764705882354,-0.05238811637801161,17
11,aiwithdaddyissues,V1,0.011358584817667987,0.01458297259013062,898.7225065934091,176.00309873774572,0.47058823529411764,0.06601279856459481,17
11,aiwithdaddyissues,V2,0.00395996546241412,0.00407579560058449,336.33384651294807,116.36953849478789,0.11764705882352941,-0.19456867790225776,17
11,aiwithdaddyissues,V3,0.004565813529411764,0.004929087376733797,340.5909345556465,138.87217678055288,0.29411764705882354,-0.12918644812567165,17
11,akiprotocol,V0,0.007950052181201248,0.007969112307646806,69.68674050340388,106.98537310994456,0.5882352941176471,-0.03817381072917447,17
11,akiprotocol,V1,0.04195891247739855,0.059313173701911207,372.2349002087993,123.03974537410976,0.47058823529411764,0.04177418874806804,17
11,akiprotocol,V2,0.0021648546672220987,0.002400199180488728,18.800827098736605,21.217920489210606,0.7058823529411765,0.04348668680972223,17
11,akiprotocol,V3,0.00823224,0.008334722459568483,72.45947636366313,117.48121343353957,0.5882352941176471,-0.03817381072917447,17
11,akitabsc,V0,0.0014281392427537758,0.0014456267402657712,265.8065585661614,109.90436630235104,0.125,0.036803223342584554,8
11,akitabsc,V1,0.0011516139135387417,0.0016474748895554967,186.26192008798375,182.84293588330422,0.625,-0.0918116655554746,8
11,akitabsc,V2,0.0018970013851604848,0.0019531337786975267,351.5479717505947,122.04428210277196,0.125,0.036803223342584554,8
11,akitabsc,V3,0.0022623537499999995,0.0022741048728400805,415.7753973270472,131.22245196305374,0.125,0.036803223342584554,8
11,alaska,V0,0.00472740552285337,0.00472744572754604,3687.5104900422366,189.4928483858801,0.5,0.02059272084350272,16
11,alaska,V1,0.0077480032427511055,0.014752177511375118,5360.932624156188,199.15716783627641,0.6875,0.06346438002146712,16
11,alaska,V2,0.0004914324075546068,0.000517533252106012,392.05572377764224,127.03481712936222,0.5,0.02059272084350272,16
11,alaska,V3,8.1773125e-05,8.82814719554732e-05,63.76289808051248,63.73823621349657,0.375,-0.022966389576198357,16
11,alchemistai,V0,0.08418359272422547,0.08530540315011836,204.79937412059363,97.12208530669633,0.0,-0.2204684647646072,12
11,alchemistai,V1,0.018583465485632365,0.02308387565648255,39.49345594161544,35.390033537120964,0.5,0.04436963645979005,12
11,alchemistai,V2,0.05653202661591571,0.0584035577638035,140.11937432050223,77.83790150609123,0.0,-0.2204684647646072,12
11,alchemistai,V3,0.05946605000000001,0.0607902547462996,146.29835591278885,80.55139189198522,0.0,-0.2204684647646072,12
11,alp,V0,0.004161720315412539,0.004164878563831566,945.8801771100102,162.60397679305672,0.25,-0.09238308195379506,16
11,alp,V1,0.010108554081086626,0.0134137898557985,2098.5450756958776,193.35022587217466,0.5625,0.005960526694224703,16
11,alp,V2,0.001280888664504557,0.001294183994341531,298.67543324611717,115.22909079774418,0.25,-0.09238308195379506,16
11,alp,V3,0.0008329543750000001,0.0008685131083243651,186.8084062119425,109.06245859621339,0.375,-0.01692833937001406,16
11,alpaca2,V0,0.005399847736436731,0.005399896817201534,4865.796546506999,191.80056282698186,0.3333333333333333,-0.07648323721149312,15
11,alpaca2,V1,0.00011551266666666668,0.00011771077602893176,100.0,200.0,0.6666666666666666,0.07648323721149312,15
11,alpaca2,V2,0.00020231072948275324,0.00020600221628076004,185.83747227896234,93.5423290392146,0.3333333333333333,-0.07648323721149312,15
11,alpaca2,V3,0.00015652199999999995,0.00015917795054592201,142.19602986183983,90.04231239040837,0.4,-0.026237797228028027,15
11,alpha3,V0,0.002891559487684693,0.002938517018810854,207.68407373874425,96.84685772386543,0.5625,0.11886162035142703,16
11,alpha3,V1,0.0016040275,0.0016874251962272283,100.0,200.0,0.4375,-0.11886162035142703,16
11,alpha3,V2,0.00044665915045186426,0.0005863572059801891,30.630414452798167,26.744115784200506,0.75,0.2941221322511893,16
11,alpha3,V3,0.0005805637499999999,0.0007652641123657897,34.95261107927703,50.564887656786894,0.625,0.2319480314809183,16
11,amaterasuomikami,V0,0.007282990389065722,0.007847906821521644,23.626090307961043,20.782193220341895,0.6470588235294118,0.05698686042253773,17
11,amaterasuomikami,V1,0.026054901268044,0.030022104611569306,79.19172448798783,95.39637482844205,0.11764705882352941,-0.08878242235474655,17
11,amaterasuomikami,V2,0.00337530444458645,0.00523205164720481,9.489336420629957,10.036708651788928,0.6470588235294118,0.04679235548171938,17
11,amaterasuomikami,V3,0.01036604117647059,0.017301559460162236,28.70856943339214,45.624473552346686,0.5882352941176471,0.008926035964253839,17
11,americancoin,V0,1.948235294117647e-05,1.9609063930623875e-05,666.9072673169846,144.21511111055239,0.35294117647058826,0.07709863868989308,17
11,americancoin,V1,1.5606470588235293e-05,1.713551712259725e-05,561.4221478483781,164.73378291790698,0.4117647058823529,-0.07163264701879293,17
11,americancoin,V2,3.76594731880716e-06,6.6706778139097e-06,81.30813124719435,52.38304981945466,0.47058823529411764,-0.14587083957885771,17
11,americancoin,V3,2.333529411764706e-06,3.092154208162786e-06,53.49827903714676,85.94065014170096,0.6470588235294118,-0.07709863868989308,17
11,americapac,V0,0.004372884519060835,0.004376796501426804,725.7994087940287,154.62910485668698,0.125,-0.1446661755616282,16
11,americapac,V1,0.0006479937500000001,0.0006733563373597221,100.0,200.0,0.875,0.1446661755616282,16
11,americapac,V2,0.000710628268335789,0.000732342348655527,123.21925598467043,72.84622315858643,0.125,-0.1446661755616282,16
11,americapac,V3,0.0006703062499999999,0.0006956953748319015,114.33734702011135,86.51064596837666,0.3125,-0.09179403798446553,16
11,andy70b,V0,0.0012666068039793186,0.0012679561353308871,570.4331686874301,145.95792143568502,0.1111111111111111,-0.22513867870517157,9
11,andy70b,V1,0.0010377163274270505,0.0025276617218281485,334.16913205703753,198.15393417113677,0.7777777777777778,0.16829787547369174,9
11,andy70b,V2,0.0037707661831224088,0.004082643590936751,1588.8780141341438,174.40485792636426,0.1111111111111111,-0.22513867870517157,9
11,andy70b,V3,0.0015899577777777779,0.0015908299035059937,714.073863026859,154.41767862190034,0.1111111111111111,-0.22513867870517157,9
11,andyman,V0,0.0043779497895684045,0.004380402082134346,617.6333918170062,149.7154493545529,0.17647058823529413,-0.10135872209719937,17
11,andyman,V1,0.0007389229411764706,0.0007520532048723836,100.0,200.0,0.8235294117647058,0.10135872209719937,17
11,andyman,V2,0.0005541604245456454,0.0005743420101301112,81.46075714946274,55.63266325340829,0.17647058823529413,-0.10135872209719937,17
11,andyman,V3,0.0005736235294117646,0.000585223756672206,82.4638523231276,80.55046310966802,0.23529411764705882,-0.06915318127621271,17
11,anitamaxwynn,V0,0.0026042605833787257,0.0026067526845420805,126.47596291269605,77.29459733207722,0.3125,-0.02518028002532579,16
11,anitamaxwynn,V1,0.002070646875,0.0020738087018620475,100.0,200.0,0.6875,0.02518028002532579,16
11,anitamaxwynn,V2,0.00017724873071246996,0.00020198340796383194,8.691771221492491,8.456262617945272,0.4375,0.007885728957767558,16
11,anitamaxwynn,V3,0.00033238062500000006,0.0006883640658247277,16.870085412793536,29.463876494947062,0.875,0.06144659799690411,16
11,antitoken,V0,0.004520419251389579,0.004521588973283658,965.9349762960223,164.6636369500156,0.5,-0.06000776096525837,6
11,antitoken,V1,0.00188377,0.0036903505121961876,334.8076373598669,196.0987313352585,0.6666666666666666,0.1191452052250014,6
11,antitoken,V2,0.00039349533226969434,0.00040237315718642336,86.39523844612874,58.745982277907636,0.5,-0.06000776096525837,6
11,antitoken,V3,0.00047047999999999995,0.00048010290333601053,103.72170033582823,66.2887559588192,0.5,-0.06000776096525837,6
11,anyinu,V0,9.26535294117647e-05,9.265773555847092e-05,1893.3779239063508,180.3816556980719,0.17647058823529413,-0.10019510008233834,17
11,anyinu,V1,4.551117647058823e-05,6.308445193921073e-05,797.7294058098707,189.36017484734703,0.47058823529411764,-0.01881367259273689,17
11,anyinu,V2,4.631069422936903e-06,4.7180037988698656e-06,97.51826149262203,63.81703255140208,0.17647058823529413,-0.10019510008233834,17
11,anyinu,V3,4.465294117647059e-06,4.535219691157069e-06,92.87017603790146,85.70511186450808,0.11764705882352941,-0.09425631754268216,17
11,aped,V0,0.4169900400026045,0.42422527632215873,63.798614726724715,47.58508391838,0.2857142857142857,-0.08568791037683744,14
11,aped,V1,0.5196726008500904,0.5255504236203351,77.5440431650335,55.375406603394474,0.2857142857142857,-0.08568791037683744,14
11,aped,V2,0.6316132380377794,0.6364661254129897,95.14194424761115,63.77724002498988,0.2857142857142857,-0.08568791037683744,14
11,aped,V3,0.7894057857142857,0.7979798885418192,120.51807822165068,73.8035989051266,0.2857142857142857,-0.08568791037683744,14
11,aquarius2,V0,0.0030897357050017815,0.003120827573191421,303.54060396126346,115.11699208872477,0.26666666666666666,-0.1160923627424869,15
11,aquarius2,V1,0.013602477553327968,0.019035643483631615,1390.81977444992,174.36619403252834,0.4666666666666667,-0.04016110685463401,15
11,aquarius2,V2,0.001661091299045282,0.0018166307184503034,166.2349137560813,82.73623995671925,0.26666666666666666,-0.1160923627424869,15
11,aquarius2,V3,0.0014317540000000004,0.001501581932010372,145.9371709558321,87.19196352975752,0.2,-0.13091812069130587,15
11,aquathecoin,V0,0.005482004803866929,0.005482053495210921,7807.088522727316,194.57891377363913,0.3125,-0.06535337383585474,16
11,aquathecoin,V1,0.0028155129372872266,0.003942181479398251,4415.360057126082,187.77442292816832,0.5,0.01056146368803057,16
11,aquathecoin,V2,0.00012382567060985762,0.0001271175350647926,182.52983322095483,91.00809619910837,0.3125,-0.06535337383585474,16
11,aquathecoin,V3,5.265062500000001e-05,5.6427415710361934e-05,80.22712056365727,70.63469250035025,0.4375,-0.008351598986835903,16
11,arbidoge,V0,1.6987499999999998e-06,1.698837838052826e-06,1734.00974025974,178.72954944431316,0.125,-0.07370580808080807,16
11,arbidoge,V1,1.0125e-07,1.0271319292087068e-07,100.0,200.0,0.5,0.07370580808080807,16
11,arbidoge,V2,8.340371481096315e-08,8.513819072273185e-08,88.10688746898514,59.30442918051142,0.125,-0.07370580808080807,16
11,arbidoge,V3,7.5e-08,7.632168761236873e-08,78.26704545454545,71.67550839964633,0.25,-0.03203914141414141,16
11,aries,V0,0.003106155838544568,0.003133568511966969,307.0965732981331,116.0348268275936,0.26666666666666666,-0.11256210537881305,15
11,aries,V1,0.014347582672215071,0.017524678144122043,1462.9073648919125,183.1062750162841,0.4,-0.03651689125177756,15
11,aries,V2,0.0016916394091663891,0.001850399773811738,170.01682361386722,83.92120895902244,0.26666666666666666,-0.11256210537881305,15
11,aries,V3,0.001441532,0.0015039550687570423,147.4794441020839,88.04332525441225,0.2,-0.12942354592228372,15
11,ariethesealion,V0,0.005325128403034839,0.005325279348686095,4496.682424822423,190.67273490358755,0.2,-0.10378209244884772,15
11,ariethesealion,V1,0.0008185605163703194,0.0008195334861120278,699.6250422928615,152.11936220984404,0.2,-0.10378209244884772,15
11,ariethesealion,V2,0.00011775116159080702,0.00012480774362902582,109.47137122751514,65.0154481392386,0.2,-0.10378209244884772,15
11,ariethesealion,V3,5.631733333333334e-05,6.565698764538827e-05,55.7166391961497,48.08826350393802,0.3333333333333333,-0.05441716483838847,15
11,astheria,V0,0.004868657573466564,0.004868729073723525,4563.27798170793,191.1438320583344,0.1111111111111111,-0.20577881741815007,9
11,astheria,V1,0.00011291111111111109,0.00011569941476851895,100.0,200.0,0.8888888888888888,0.20577881741815007,9
11,astheria,V2,0.00024764403564369187,0.0002516173455708283,238.9196644815505,104.85873454400038,0.1111111111111111,-0.20577881741815007,9
11,astheria,V3,0.00027731888888888885,0.00027846579987495765,265.27861545996,111.02739829646072,0.1111111111111111,-0.20577881741815007,9
11,astropepex,V0,0.0016170847058823528,0.0016171021923108231,1392.7866867226865,174.79636059284692,0.4117647058823529,-0.026507477473135043,17
11,astropepex,V1,0.001529690588235294,0.0015695554525443707,1322.3075595879618,176.3669301459629,0.35294117647058826,-0.03606860921568207,17
11,astropepex,V2,5.7373874871601536e-05,5.915005924241189e-05,49.907972204000686,39.40237988352645,0.4117647058823529,-0.026507477473135043,17
11,astropepex,V3,5.937058823529412e-05,6.370269862230883e-05,52.073682094142484,63.63156533488511,0.47058823529411764,-0.007634658728299676,17
11,auroraterminal,V0,0.003505584558202694,0.003513454367709631,767.8571069517259,151.70880124981835,0.2,-0.15799633077615569,15
11,auroraterminal,V1,0.0005711193333333333,0.0006164212558145606,100.0,200.0,0.8,0.15799633077615569,15
11,auroraterminal,V2,0.001214162748159833,0.0012688564379150335,288.254161126134,104.50852083907884,0.2,-0.15799633077615569,15
11,auroraterminal,V3,0.0004888526666666668,0.000538896835476575,122.93748836731848,73.74222783320896,0.13333333333333333,-0.19209360604990153,15
11,avachiangmainightsafariava,V0,0.003899150736129855,0.0038993406966941068,1030.7105881684038,167.1859974918023,0.42857142857142855,-0.058365651876224854,14
11,avachiangmainightsafariava,V1,0.00038297785714285713,0.0003848197733169572,100.0,200.0,0.5714285714285714,0.058365651876224854,14
11,avachiangmainightsafariava,V2,0.0010480170269890983,0.001050881177079143,277.49571618726776,115.57433280894341,0.42857142857142855,-0.058365651876224854,14
11,avachiangmainightsafariava,V3,0.0006432821428571429,0.000644380426605943,170.98350102294452,91.509461456841,0.42857142857142855,-0.058365651876224854,14
11,avaxhasnochill,V0,0.0023754142673829714,0.0023989652325808455,139.59609286443145,80.27135767232087,0.4117647058823529,0.034992225939941016,17
11,avaxhasnochill,V1,0.007793018944708391,0.01131958553340757,460.4400606013875,161.1120643908949,0.4117647058823529,-0.07403956175156316,17
11,avaxhasnochill,V2,0.0011965295748114855,0.001241516048342008,71.69056146949117,50.98578723192384,0.4117647058823529,0.034992225939941016,17
11,avaxhasnochill,V3,0.0013006658823529415,0.001384500779159809,75.26923909168978,76.5744869870555,0.35294117647058826,-0.0067167965229180246,17
11,axi,V0,0.0041310906675900375,0.004131435461220792,711.9449842392405,155.85659176143264,0.5555555555555556,-0.02024758740879194,9
11,axi,V1,0.009044503333333334,0.018216300619346704,1616.0422844078876,198.74493938002428,0.4444444444444444,-0.0077788990387580486,9
11,axi,V2,0.0006977048492355029,0.0007040995123676282,120.65397800643964,74.597987197475,0.5555555555555556,-0.02024758740879194,9
11,axi,V3,0.0004620500000000001,0.00046479594527539127,80.3288946930017,56.83387822096688,0.5555555555555556,-0.02024758740879194,9
11,doge,V0,0.004184147479790942,0.004196251554784642,610.2470926408454,146.09164640179762,0.13333333333333333,-0.13239525747719577,15
11,doge,V1,0.010292786167968738,0.012373678810098484,1514.8684933709992,188.0620523572125,0.3333333333333333,-0.12642986816063106,15
11,doge,V2,0.0006273469778898961,0.0006758416547037521,99.36196378597776,61.550566033808394,0.26666666666666666,-0.0586604813113736,15
11,doge,V3,0.00045948199999999994,0.0004940653651458141,72.04416194646282,58.89825182831151,0.4666666666666667,0.04186940474894115,15
11,horny,V0,0.0030547054198683766,0.0030638023858604855,404.4549486047103,130.37261542751096,0.18181818181818182,-0.24115703670303865,11
11,horny,V1,0.008307162115002745,0.014699107992235966,971.5070619091264,192.5277403176212,0.8181818181818182,0.1748917646573088,11
11,horny,V2,0.0016774954123282204,0.0018095325070858644,237.15865828264987,98.11278755453708,0.2727272727272727,-0.17667331924640592,11
11,horny,V3,0.0014799354545454548,0.0014970566147155678,199.72597936554143,95.83762377927604,0.18181818181818182,-0.24115703670303865,11
11,ilence,V0,0.00483110171787931,0.004831117191460671,15647.702570015756,197.21653187514664,0.14285714285714285,-0.1648266925393846,14
11,ilence,V1,0.0013272638410241483,0.004851947199148508,2694.596103866383,199.92198787932682,0.7857142857142857,0.122790846765221,14
11,ilence,V2,0.0007920956866068856,0.0008149590141748827,2617.585665356922,183.4760265495599,0.14285714285714285,-0.1648266925393846,14
11,ilence,V3,0.00040481285714285707,0.0004049726763622454,1320.6584624970167,171.3629008639965,0.14285714285714285,-0.1648266925393846,14
17,1guy,V0,0.02913433710714133,0.029135774628793798,384.9196845840499,131.54485167683956,0.1875,-0.012281090829074776,16
17,1guy,V1,0.007582984375000001,0.0075883801238929615,100.0,200.0,0.8125,0.012281090829074776,16
17,1guy,V2,0.00026923322433094365,0.000345510309000528,3.6534735992573495,3.5530578211092116,0.375,-0.001783183660950989,16
17,1guy,V3,0.0010670743750000001,0.002526682169712635,14.851842211944083,27.32257247923161,0.5625,0.007812263991213461,16
17,1squirrel,V0,0.02749715145865946,0.027497362609078212,5964.290647216766,193.2836148864935,0.07142857142857142,-0.14138370527662958,14
17,1squirrel,V1,0.006438757165576069,0.016574133954578844,1169.4027668947926,199.26364632140243,0.7857142857142857,0.1285593714370675,14
17,1squirrel,V2,0.0010483695222297056,0.0010896945524196894,233.56254834489727,102.82532538638375,0.14285714285714285,-0.13600470510648588,14
17,1squirrel,V3,0.0005449285714285713,0.0005530482504525001,121.73036991553035,73.64560287719317,0.07142857142857142,-0.14138370527662958,14
17,360noscope420blazeit,V0,0.0440107614259006,0.050523526277583185,42.78209337577395,56.523130647233856,0.5882352941176471,-0.07062016256439962,17
17,360noscope420blazeit,V1,0.09338211526853286,0.09675070304134521,98.45779204200382,194.39058805923136,0.5882352941176471,-0.07062016256439962,17
17,360noscope420blazeit,V2,0.039777369186886645,0.05036823231023183,39.827644260523876,44.108456573543144,0.5882352941176471,-0.014443662382765359,17
17,360noscope420blazeit,V3,0.09136076058823528,0.09490036781719347,96.07282922236024,185.0472155415153,0.5882352941176471,-0.07062016256439962,17
17,5,V0,0.027053215333333335,0.02705516064689187,2289.3618038344434,182.92192990662147,0.2,-0.14433495652157646,15
17,5,V1,0.0029791513333333334,0.007085833752066629,230.16886456631065,198.81614755301507,0.7333333333333333,0.10296106918788664,15
17,5,V2,0.0013590333292993761,0.0014117774892169965,122.18159255100227,71.45516154942507,0.26666666666666666,-0.07672211777520514,15
17,5,V3,0.0013025060000000006,0.0013432517851864809,113.74699226206064,78.26833132938799,0.3333333333333333,-0.03494136743556674,15
17,6,V0,0.06454830545541522,0.06483702659653534,270.40695207785126,111.95027945416412,0.45454545454545453,0.14869151561902433,11
17,6,V1,0.02586317272727272,0.026624061842746002,100.0,200.0,0.5454545454545454,-0.14869151561902433,11
17,6,V2,0.021062506465313265,0.02323726465463129,93.33108310623052,58.646859165514975,0.45454545454545453,0.14869151561902433,11
17,6,V3,0.02090002727272727,0.021834562177574422,91.70914626402717,59.454785804980546,0.45454545454545453,0.14869151561902433,11
17,888token,V0,0.047525002513890635,0.04926192368799137,48.52228796538148,38.15479309303384,0.29411764705882354,-0.032900303730824,17
17,888token,V1,0.053147837402531095,0.07344233117821057,54.606937101470706,37.504931913196444,0.5294117647058824,0.009198734988295853,17
17,888token,V2,0.017499368968396812,0.022168620817416888,18.3188753855703,15.970856070641643,0.6470588235294118,0.05490302108189798,17
17,888token,V3,0.02517489411764706,0.04327758149459344,25.52578761480128,42.80740996805936,0.5294117647058824,0.012086840882549403,17
17,abi,V0,0.03714266640752104,0.03719524642876335,288.02108975967155,116.82833713901945,0.29411764705882354,-0.04825502065331623,17
17,abi,V1,0.011226810097435713,0.013187825851747811,88.55204324707832,130.52582185226228,0.5882352941176471,0.040087566336347843,17
17,abi,V2,0.005917391321877288,0.006201075150870762,47.473989179929866,37.195008967163204,0.29411764705882354,-0.04825502065331623,17
17,abi,V3,0.004088254117647058,0.005148512910953883,35.038298550677744,50.57399878282064,0.5294117647058824,0.021661482016659087,17
17,adillo,V0,0.012099631250000001,0.012100077831985733,3053.2055070744655,186.97887784122443,0.125,-0.21156764341231526,8
17,adillo,V1,0.0015788625048464454,0.0034409644492444766,382.3614682891359,198.04602910333972,1.0,0.2146192112015965,8
17,adillo,V2,0.0007617019795358525,0.0007682945850469045,197.80588183084262,96.10935562886279,0.125,-0.21156764341231526,8
17,adillo,V3,0.00054827625,0.0005580448014720682,144.3748117932629,80.28053508839719,0.125,-0.21156764341231526,8
17,agentaigo,V0,0.4161451534805748,0.4246095297062179,206.85173686807192,97.54995907272969,0.0,-0.258241280351638,9
17,agentaigo,V1,0.3854557783121249,0.39386706954579065,187.00352690720038,93.69744287968855,0.0,-0.258241280351638,9
17,agentaigo,V2,0.39042274742711214,0.39551438591231,191.92328821951986,94.79774731806798,0.0,-0.258241280351638,9
17,agentaigo,V3,0.3710037222222222,0.3746291469304085,181.96933599189887,92.49014893578331,0.0,-0.258241280351638,9
17,agenttank,V0,0.044135071422786144,0.04435257526130899,444.9958330089017,130.97695693603285,0.1,-0.25967702348043165,10
17,agenttank,V1,0.010850899010835807,0.01187067459673567,92.33170612367707,182.08824718609822,0.8,0.24394731266860487,10
17,agenttank,V2,0.008360661825228443,0.009770348946040232,100.85955782857911,55.496195649520885,0.3,-0.14028033848927582,10
17,agenttank,V3,0.007969283999999998,0.008996942672589395,93.26998866073217,54.46236435001255,0.3,-0.14028033848927582,10
17,aicrystalnode,V0,0.019585978823529415,0.019585981038431847,34422.458517046136,198.8150512626524,0.29411764705882354,-0.06735709260621926,17
17,aicrystalnode,V1,5.8371176470588245e-05,5.91096972734991e-05,100.0,200.0,0.7058823529411765,0.06735709260621926,17
17,aicrystalnode,V2,0.0007371553644809467,0.0007440432651894751,1310.954757956953,172.1529663984468,0.29411764705882354,-0.06735709260621926,17
17,aicrystalnode,V3,0.001168735882352941,0.0012791997022334387,1948.5703827729403,186.86142772187483,0.47058823529411764,-0.022218747855833085,17
17,aiinu,V0,0.039319612448722986,0.039332317458547934,446.00445425405775,137.54801492375805,0.058823529411764705,-0.055078683179285014,17
17,aiinu,V1,0.008945051176470587,0.008995723813307077,100.0,200.0,0.9411764705882353,0.055078683179285014,17
17,aiinu,V2,0.007564435494315427,0.0076499127154364185,86.83795441800181,59.72699072184015,0.058823529411764705,-0.055078683179285014,17
17,aiinu,V3,0.004890200588235294,0.0051005197183580046,56.895588864629644,66.67392448094165,0.23529411764705882,-0.021828378338837003,17
17,aimerica,V0,0.04754243769022365,0.047544677513707514,3917.7468011336473,189.78682652989616,0.1111111111111111,-0.21187466125794685,9
17,aimerica,V1,0.0020227397168253655,0.00287170453439526,171.38871471698104,195.28440123462286,1.0,0.21396297672302317,9
17,aimerica,V2,0.011029547943635558,0.011091461882850488,912.7424988343025,162.28618810176297,0.1111111111111111,-0.21187466125794685,9
17,aimerica,V3,0.013265624444444445,0.013269578670636916,1096.37173346707,167.78769096645507,0.1111111111111111,-0.21187466125794685,9
17,aimonicabrands,V0,0.05414286435434428,0.05474788703881144,311.8657489299473,114.08422465759686,0.0,-0.23642271518919958,11
17,aimonicabrands,V1,0.017467588792456704,0.018855316239425043,83.55571695458065,121.29628329516132,0.7272727272727273,0.04893534050671941,11
17,aimonicabrands,V2,0.01657639367334657,0.018209352499570737,104.25634083951381,60.65440892414684,0.09090909090909091,-0.23364015268344748,11
17,aimonicabrands,V3,0.011759613636363632,0.013757406859273692,78.86763672573272,48.527562576169466,0.2727272727272727,-0.14514543194885654,11
17,aishellnova,V0,0.050273283485123554,0.050327084343452434,952.8585389050877,160.4065889759863,0.14285714285714285,-0.22935811697949587,7
17,aishellnova,V1,0.006298159999999999,0.006703881855922838,100.0,200.0,0.8571428571428571,0.22935811697949587,7
17,aishellnova,V2,0.009437930063990154,0.009912642512974993,197.81612712147862,87.95425595132374,0.14285714285714285,-0.22935811697949587,7
17,aishellnova,V3,0.012657640000000001,0.012864332976185415,252.75366165389715,102.77033676450105,0.14285714285714285,-0.22935811697949587,7
17,aitraderagent,V0,0.015245986666666664,0.01524627887473749,2101.0207258524038,182.31819675522496,0.16666666666666666,-0.14481131610246886,6
17,aitraderagent,V1,0.0055534166666666674,0.008803695212339343,724.1438945460079,193.85352229974703,0.5,0.09068254664123375,6
17,aitraderagent,V2,0.0007328646020293515,0.0007868081991568397,102.68650923163023,64.83438532405818,0.16666666666666666,-0.14481131610246886,6
17,aitraderagent,V3,0.0007092266666666667,0.000715480643204273,99.51876963849031,65.31166879873388,0.16666666666666666,-0.14481131610246886,6
17,aiwarpertoken,V0,0.005170207857142858,0.005170703643175656,3134.057910237927,186.7977868426094,0.35714285714285715,-0.0006822272152767533,14
17,aiwarpertoken,V1,0.00018364214285714286,0.000197107372062611,100.0,200.0,0.6428571428571429,0.0006822272152767533,14
17,aiwarpertoken,V2,0.00022427191719056385,0.00023389346252898678,143.67068070296153,79.149578368757,0.35714285714285715,-0.0006822272152767533,14
17,aiwarpertoken,V3,0.00018427928571428567,0.0001927506008328601,120.3637761224653,70.70738819462356,0.42857142857142855,0.06064076890826956,14
17,aiwithdaddyissues,V0,0.0361866276002481,0.03619296408086133,2997.779010908868,184.98953139855456,0.11764705882352941,-0.19456867790225776,17
17,aiwithdaddyissues,V1,0.0014781076470588234,0.0016087077257501549,100.0,200.0,0.8823529411764706,0.19456867790225776,17
17,aiwithdaddyissues,V2,0.00395996546241412,0.00407579560058449,336.33384651294807,116.36953849478789,0.11764705882352941,-0.19456867790225776,17
17,aiwithdaddyissues,V3,0.004565813529411764,0.004929087376733797,340.5909345556465,138.87217678055288,0.29411764705882354,-0.12918644812567165,17
17,akiprotocol,V0,0.024978274846707976,0.024984004455484404,219.92205170942862,104.61459881620013,0.4117647058823529,0.03817381072917447,17
17,akiprotocol,V1,0.01374671563959557,0.015808142909460515,121.71950846729365,180.94680074571926,0.5294117647058824,-0.04177418874806804,17
17,akiprotocol,V2,0.0021648546672220987,0.002400199180488728,18.800827098736605,21.217920489210606,0.7058823529411765,0.04348668680972223,17
17,akiprotocol,V3,0.00823224,0.008334722459568483,72.45947636366313,117.48121343353957,0.5882352941176471,-0.03817381072917447,17
17,akitabsc,V0,0.034092903006630385,0.03409366396747684,6131.305886145958,193.1067102612793,0.125,0.036803223342584554,8
17,akitabsc,V1,0.00061004125,0.0006522720362222345,100.0,200.0,0.875,-0.036803223342584554,8
17,akitabsc,V2,0.0018970013851604848,0.0019531337786975267,351.5479717505947,122.04428210277196,0.125,0.036803223342584554,8
17,akitabsc,V3,0.0022623537499999995,0.0022741048728400805,415.7753973270472,131.22245196305374,0.125,0.036803223342584554,8
17,alaska,V0,0.024859473632698942,0.02485948130392335,19381.768408950502,197.91206567152736,0.5,0.02059272084350272,16
17,alaska,V1,0.01696205605687245,0.021798782605014333,12913.969949393939,197.1602745617625,0.625,0.019345983164525144,16
17,alaska,V2,0.0004914324075546068,0.000517533252106012,392.05572377764224,127.03481712936222,0.5,0.02059272084350272,16
17,alaska,V3,8.1773125e-05,8.82814719554732e-05,63.76289808051248,63.73823621349657,0.375,-0.022966389576198357,16
17,alchemistai,V0,0.10728482883543843,0.10828513222424409,259.35449274962576,108.90794353046165,0.0,-0.2204684647646072,12
17,alchemistai,V1,0.047489827592460725,0.05759443805785658,123.68348182860436,64.52118947650492,0.25,-0.08403480297555989,12
17,alchemistai,V2,0.05653202661591571,0.0584035577638035,140.11937432050223,77.83790150609123,0.0,-0.2204684647646072,12
17,alchemistai,V3,0.05946605000000001,0.0607902547462996,146.29835591278885,80.55139189198522,0.0,-0.2204684647646072,12
17,alp,V0,0.024228846875,0.024229379693171446,5463.061295210911,192.3337959587027,0.25,-0.09238308195379506,16
17,alp,V1,0.0004839031249999999,0.0005098839652864659,100.0,200.0,0.75,0.09238308195379506,16
17,alp,V2,0.001280888664504557,0.001294183994341531,298.67543324611717,115.22909079774418,0.25,-0.09238308195379506,16
17,alp,V3,0.0008329543750000001,0.0008685131083243651,186.8084062119425,109.06245859621339,0.375,-0.01692833937001406,16
17,alpaca2,V0,0.006679537333333333,0.006679575707934349,6017.88182083934,193.3180677436242,0.3333333333333333,-0.07648323721149312,15
17,alpaca2,V1,0.00011551266666666668,0.00011771077602893176,100.0,200.0,0.6666666666666666,0.07648323721149312,15
17,alpaca2,V2,0.00020231072948275324,0.00020600221628076004,185.83747227896234,93.5423290392146,0.3333333333333333,-0.07648323721149312,15
17,alpaca2,V3,0.00015652199999999995,0.00015917795054592201,142.19602986183983,90.04231239040837,0.4,-0.026237797228028027,15
17,alpha3,V0,0.024940816214748876,0.02494626828090656,1716.8640605212822,177.33553444861155,0.5625,0.11886162035142703,16
17,alpha3,V1,0.0016040275,0.0016874251962272283,100.0,200.0,0.4375,-0.11886162035142703,16
17,alpha3,V2,0.00044665915045186426,0.0005863572059801891,30.630414452798167,26.744115784200506,0.75,0.2941221322511893,16
17,alpha3,V3,0.0005805637499999999,0.0007652641123657897,34.95261107927703,50.564887656786894,0.625,0.2319480314809183,16
17,amaterasuomikami,V0,0.03514121327852687,0.03544625621381258,111.02519794412859,70.36174817138901,0.5882352941176471,0.04728228845659751,17
17,amaterasuomikami,V1,0.03595980912758045,0.03692324942846854,111.72425147017529,141.11088521220037,0.6470588235294118,0.04679235548171938,17
17,amaterasuomikami,V2,0.00337530444458645,0.00523205164720481,9.489336420629957,10.036708651788928,0.6470588235294118,0.04679235548171938,17
17,amaterasuomikami,V3,0.01036604117647059,0.017301559460162236,28.70856943339214,45.624473552346686,0.5882352941176471,0.008926035964253839,17
17,americancoin,V0,1.948235294117647e-05,1.9609063930623875e-05,666.9072673169846,144.21511111055239,0.35294117647058826,0.07709863868989308,17
17,americancoin,V1,3.96764705882353e-06,4.5492345833247204e-06,100.0,200.0,0.6470588235294118,-0.07709863868989308,17
17,americancoin,V2,3.76594731880716e-06,6.6706778139097e-06,81.30813124719435,52.38304981945466,0.47058823529411764,-0.14587083957885771,17
17,americancoin,V3,2.333529411764706e-06,3.092154208162786e-06,53.49827903714676,85.94065014170096,0.6470588235294118,-0.07709863868989308,17
17,americapac,V0,0.01357775625,0.013578990302722714,2239.4514963614247,182.630564969292,0.125,-0.1446661755616282,16
17,americapac,V1,0.0006479937500000001,0.0006733563373597221,100.0,200.0,0.875,0.1446661755616282,16
17,americapac,V2,0.000710628268335789,0.000732342348655527,123.21925598467043,72.84622315858643,0.125,-0.1446661755616282,16
17,americapac,V3,0.0006703062499999999,0.0006956953748319015,114.33734702011135,86.51064596837666,0.3125,-0.09179403798446553,16
17,andy70b,V0,0.03455761316852987,0.03455766314052613,15410.999092742915,197.3036624023202,0.1111111111111111,-0.22513867870517157,9
17,andy70b,V1,0.00023620222222222223,0.0002420031746807375,100.0,200.0,0.8888888888888888,0.22513867870517157,9
17,andy70b,V2,0.0037707661831224088,0.004082643590936751,1588.8780141341438,174.40485792636426,0.1111111111111111,-0.22513867870517157,9
17,andy70b,V3,0.0015899577777777779,0.0015908299035059937,714.073863026859,154.41767862190034,0.1111111111111111,-0.22513867870517157,9
17,andyman,V0,0.012757627058823528,0.012758394298734783,1792.412222235382,179.27365801637123,0.17647058823529413,-0.10135872209719937,17
17,andyman,V1,0.011874505679785116,0.012225382663780239,1642.4411043932248,179.86775766392284,0.23529411764705882,-0.0810620290201856,17
17,andyman,V2,0.0005541604245456454,0.0005743420101301112,81.46075714946274,55.63266325340829,0.17647058823529413,-0.10135872209719937,17
17,andyman,V3,0.0005736235294117646,0.000585223756672206,82.4638523231276,80.55046310966802,0.23529411764705882,-0.06915318127621271,17
17,anitamaxwynn,V0,0.018928403125,0.018928749269655435,917.3051097421354,164.1065247004573,0.3125,-0.02518028002532579,16
17,anitamaxwynn,V1,0.002070646875,0.0020738087018620475,100.0,200.0,0.6875,0.02518028002532579,16
17,anitamaxwynn,V2,0.00017724873071246996,0.00020198340796383194,8.691771221492491,8.456262617945272,0.4375,0.007885728957767558,16
17,anitamaxwynn,V3,0.00033238062500000006,0.0006883640658247277,16.870085412793536,29.463876494947062,0.875,0.06144659799690411,16
17,antitoken,V0,0.009085415,0.009085918395496223,1937.2170033582822,180.67878822358503,0.5,-0.06000776096525837,6
17,antitoken,V1,0.000486735,0.0004960426671332484,100.0,200.0,0.5,0.06000776096525837,6
17,antitoken,V2,0.00039349533226969434,0.00040237315718642336,86.39523844612874,58.745982277907636,0.5,-0.06000776096525837,6
17,antitoken,V3,0.00047047999999999995,0.00048010290333601053,103.72170033582823,66.2887559588192,0.5,-0.06000776096525837,6
17,anyinu,V0,9.26535294117647e-05,9.265773555847092e-05,1893.3779239063508,180.3816556980719,0.17647058823529413,-0.10019510008233834,17
17,anyinu,V1,8.748882352941176e-05,8.989362710513825e-05,1789.0404313335637,181.51629367406113,0.23529411764705882,-0.09160289915702441,17
17,anyinu,V2,4.631069422936903e-06,4.7180037988698656e-06,97.51826149262203,63.81703255140208,0.17647058823529413,-0.10019510008233834,17
17,anyinu,V3,4.465294117647059e-06,4.535219691157069e-06,92.87017603790146,85.70511186450808,0.11764705882352941,-0.09425631754268216,17
17,aped,V0,0.31151078987459285,0.3191016214483633,47.720850092350915,37.931155875787084,0.2857142857142857,-0.08568791037683744,14
17,aped,V1,0.46881421828702025,0.47484483951022893,70.4567501833387,51.48341682905351,0.2857142857142857,-0.08568791037683744,14
17,aped,V2,0.6316132380377794,0.6364661254129897,95.14194424761115,63.77724002498988,0.2857142857142857,-0.08568791037683744,14
17,aped,V3,0.7894057857142857,0.7979798885418192,120.51807822165068,73.8035989051266,0.2857142857142857,-0.08568791037683744,14
17,aquarius2,V0,0.027687513067117465,0.027690988815540236,2626.5981273973716,184.34171497888985,0.26666666666666666,-0.1160923627424869,15
17,aquarius2,V1,0.0017639342779858004,0.0027815005965548655,162.93448883444802,197.85640714404528,0.6666666666666666,0.08124854071850132,15
17,aquarius2,V2,0.001661091299045282,0.0018166307184503034,166.2349137560813,82.73623995671925,0.26666666666666666,-0.1160923627424869,15
17,aquarius2,V3,0.0014317540000000004,0.001501581932010372,145.9371709558321,87.19196352975752,0.2,-0.13091812069130587,15
17,aquathecoin,V0,0.005725739375,0.005725785618322935,8153.758369518945,194.80344463015427,0.3125,-0.06535337383585474,16
17,aquathecoin,V1,7.6460625e-05,7.984850495626076e-05,100.0,200.0,0.6875,0.06535337383585474,16
17,aquathecoin,V2,0.00012382567060985762,0.0001271175350647926,182.52983322095483,91.00809619910837,0.3125,-0.06535337383585474,16
17,aquathecoin,V3,5.265062500000001e-05,5.6427415710361934e-05,80.22712056365727,70.63469250035025,0.4375,-0.008351598986835903,16
17,arbidoge,V0,1.6987499999999998e-06,1.698837838052826e-06,1734.00974025974,178.72954944431316,0.125,-0.07370580808080807,16
17,arbidoge,V1,1.0125e-07,1.0271319292087068e-07,100.0,200.0,0.5,0.07370580808080807,16
17,arbidoge,V2,8.340371481096315e-08,8.513819072273185e-08,88.10688746898514,59.30442918051142,0.125,-0.07370580808080807,16
17,arbidoge,V3,7.5e-08,7.632168761236873e-08,78.26704545454545,71.67550839964633,0.25,-0.03203914141414141,16
17,aries,V0,0.0277183220839564,0.027721393499458267,2653.9407579270755,184.59466798907053,0.26666666666666666,-0.11256210537881305,15
17,aries,V1,0.011914769629675779,0.018088392925699626,1021.0011298835547,178.2139547985063,0.6666666666666666,0.08312607820303851,15
17,aries,V2,0.0016916394091663891,0.001850399773811738,170.01682361386722,83.92120895902244,0.26666666666666666,-0.11256210537881305,15
17,aries,V3,0.001441532,0.0015039550687570423,147.4794441020839,88.04332525441225,0.2,-0.12942354592228372,15
17,ariethesealion,V0,0.010503807333333334,0.010503884239974911,8860.038589981146,195.15481991418287,0.2,-0.10378209244884772,15
17,ariethesealion,V1,0.00013054266666666665,0.00013659069817036106,100.0,200.0,0.8,0.10378209244884772,15
17,ariethesealion,V2,0.00011775116159080702,0.00012480774362902582,109.47137122751514,65.0154481392386,0.2,-0.10378209244884772,15
17,ariethesealion,V3,5.631733333333334e-05,6.565698764538827e-05,55.7166391961497,48.08826350393802,0.3333333333333333,-0.05441716483838847,15
17,astheria,V0,0.01763223888888889,0.017632256964734014,16510.521546598953,197.4717158566162,0.1111111111111111,-0.20577881741815007,9
17,astheria,V1,0.00011291111111111109,0.00011569941476851895,100.0,200.0,0.8888888888888888,0.20577881741815007,9
17,astheria,V2,0.00024764403564369187,0.0002516173455708283,238.9196644815505,104.85873454400038,0.1111111111111111,-0.20577881741815007,9
17,astheria,V3,0.00027731888888888885,0.00027846579987495765,265.27861545996,111.02739829646072,0.1111111111111111,-0.20577881741815007,9
17,astropepex,V0,0.0016170847058823528,0.0016171021923108231,1392.7866867226865,174.79636059284692,0.4117647058823529,-0.026507477473135043,17
17,astropepex,V1,0.00011661529411764706,0.00011685752521767694,100.0,200.0,0.5882352941176471,0.026507477473135043,17
17,astropepex,V2,5.7373874871601536e-05,5.915005924241189e-05,49.907972204000686,39.40237988352645,0.4117647058823529,-0.026507477473135043,17
17,astropepex,V3,5.937058823529412e-05,6.370269862230883e-05,52.073682094142484,63.63156533488511,0.47058823529411764,-0.007634658728299676,17
17,auroraterminal,V0,0.02663541561361422,0.026636479906833405,5690.192711599613,191.8024207177158,0.2,-0.15799633077615569,15
17,auroraterminal,V1,0.0005711193333333333,0.0006164212558145606,100.0,200.0,0.8,0.15799633077615569,15
17,auroraterminal,V2,0.001214162748159833,0.0012688564379150335,288.254161126134,104.50852083907884,0.2,-0.15799633077615569,15
17,auroraterminal,V3,0.0004888526666666668,0.000538896835476575,122.93748836731848,73.74222783320896,0.13333333333333333,-0.19209360604990153,15
17,avachiangmainightsafariava,V0,0.02696016066516243,0.026960188943050026,7119.978161162579,194.47554649493608,0.42857142857142855,-0.058365651876224854,14
17,avachiangmainightsafariava,V1,0.027751722058658005,0.031293188025962565,7398.27179206375,193.35000653885166,0.5,-0.04322655202811549,14
17,avachiangmainightsafariava,V2,0.0010480170269890983,0.001050881177079143,277.49571618726776,115.57433280894341,0.42857142857142855,-0.058365651876224854,14
17,avachiangmainightsafariava,V3,0.0006432821428571429,0.000644380426605943,170.98350102294452,91.509461456841,0.42857142857142855,-0.058365651876224854,14
17,avaxhasnochill,V0,0.02664965619403408,0.026651739948425488,1531.2652497293636,176.19898526336436,0.4117647058823529,0.034992225939941016,17
17,avaxhasnochill,V1,0.001803951764705882,0.0018351609210959258,100.0,200.0,0.5882352941176471,-0.034992225939941016,17
17,avaxhasnochill,V2,0.0011965295748114855,0.001241516048342008,71.69056146949117,50.98578723192384,0.4117647058823529,0.034992225939941016,17
17,avaxhasnochill,V3,0.0013006658823529415,0.001384500779159809,75.26923909168978,76.5744869870555,0.35294117647058826,-0.0067167965229180246,17
17,axi,V0,0.02946287039309036,0.029462913876453195,5072.394892115766,192.355302986179,0.5555555555555556,-0.02024758740879194,9
17,axi,V1,0.0005855500000000001,0.00058771921080091,100.0,200.0,0.4444444444444444,0.02024758740879194,9
17,axi,V2,0.0006977048492355029,0.0007040995123676282,120.65397800643964,74.597987197475,0.5555555555555556,-0.02024758740879194,9
17,axi,V3,0.0004620500000000001,0.00046479594527539127,80.3288946930017,56.83387822096688,0.5555555555555556,-0.02024758740879194,9
17,doge,V0,0.01569385133333334,0.015697094821557057,2253.2621858908306,181.80105321456907,0.13333333333333333,-0.13239525747719577,15
17,doge,V1,0.0007915486666666666,0.0008534432938905002,100.0,200.0,0.8666666666666667,0.13239525747719577,15
17,doge,V2,0.0006273469778898961,0.0006758416547037521,99.36196378597776,61.550566033808394,0.26666666666666666,-0.0586604813113736,15
17,doge,V3,0.00045948199999999994,0.0004940653651458141,72.04416194646282,58.89825182831151,0.4666666666666667,0.04186940474894115,15
17,horny,V0,0.030003881317218394,0.0300048624868358,3903.4009060258873,189.54825557051956,0.18181818181818182,-0.24115703670303865,11
17,horny,V1,0.0008287445454545454,0.0008589453298456407,100.0,200.0,0.8181818181818182,0.24115703670303865,11
17,horny,V2,0.0016774954123282204,0.0018095325070858644,237.15865828264987,98.11278755453708,0.2727272727272727,-0.17667331924640592,11
17,horny,V3,0.0014799354545454548,0.0014970566147155678,199.72597936554143,95.83762377927604,0.18181818181818182,-0.24115703670303865,11
17,ilence,V0,0.026116853489962427,0.02611685634982054,84542.07483397052,199.47890080334508,0.14285714285714285,-0.1648266925393846,14
17,ilence,V1,3.411714285714286e-05,3.596385308294188e-05,100.0,200.0,0.8571428571428571,0.1648266925393846,14
17,ilence,V2,0.0007920956866068856,0.0008149590141748827,2617.585665356922,183.4760265495599,0.14285714285714285,-0.1648266925393846,14
17,ilence,V3,0.00040481285714285707,0.0004049726763622454,1320.6584624970167,171.3629008639965,0.14285714285714285,-0.1648266925393846,14
23,1guy,V0,0.007582984375000001,0.0075883801238929615,100.0,200.0,0.8125,0.012281090829074776,16
23,1guy,V1,0.007582984375000001,0.0075883801238929615,100.0,200.0,0.8125,0.012281090829074776,16
23,1guy,V2,0.00026923322433094365,0.000345510309000528,3.6534735992573495,3.5530578211092116,0.375,-0.001783183660950989,16
23,1guy,V3,0.008978926875000001,0.024894184517869702,126.27969199567102,23.120741831390898,0.4375,-0.00015577960722957412,16
23,1squirrel,V0,0.00047802142857142864,0.00048725732990162105,100.0,200.0,0.9285714285714286,0.14138370527662958,14
23,1squirrel,V1,0.0012397769121845603,0.003063162119627138,213.58465423292805,198.48843228762843,0.8571428571428571,0.13600470510648588,14
23,1squirrel,V2,0.0010483695222297056,0.0010896945524196894,233.56254834489727,102.82532538638375,0.14285714285714285,-0.13600470510648588,14
23,1squirrel,V3,0.0005449285714285713,0.0005530482504525001,121.73036991553035,73.64560287719317,0.07142857142857142,-0.14138370527662958,14
23,360noscope420blazeit,V0,0.09473212941176472,0.0980183307313604,100.0,200.0,0.5882352941176471,-0.07062016256439962,17
23,360noscope420blazeit,V1,0.09473212941176472,0.0980183307313604,100.0,200.0,0.5882352941176471,-0.07062016256439962,17
23,360noscope420blazeit,V2,0.039777369186886645,0.05036823231023183,39.827644260523876,44.108456573543144,0.5882352941176471,-0.014443662382765359,17
23,360noscope420blazeit,V3,0.07800979513911528,0.083002551165373,84.83635000746487,155.1887055376623,0.5882352941176471,-0.021570321885293647,17
23,5,V0,0.0012665846666666668,0.0013074763765590566,100.0,200.0,0.8,0.14433495652157646,15
23,5,V1,0.0027491412962360713,0.0049727289767890195,273.525139361921,168.21343546997903,0.8,0.13981445048075963,15
23,5,V2,0.0013590333292993761,0.0014117774892169965,122.18159255100227,71.45516154942507,0.26666666666666666,-0.07672211777520514,15
23,5,V3,0.003085364666666667,0.007231495435017111,339.86609363266484,77.54600715061538,0.26666666666666666,-0.07672211777520514,15
23,6,V0,0.02586317272727272,0.026624061842746002,100.0,200.0,0.5454545454545454,-0.14869151561902433,11
23,6,V1,0.006290470382850596,0.007599491670403154,28.789042715742617,23.86029243855183,0.7272727272727273,0.2690649141095202,11
23,6,V2,0.021062506465313265,0.02323726465463129,93.33108310623052,58.646859165514975,0.45454545454545453,0.14869151561902433,11
23,6,V3,0.02090002727272727,0.021834562177574422,91.70914626402717,59.454785804980546,0.45454545454545453,0.14869151561902433,11
23,888token,V0,0.04158829107141641,0.043442420768551086,39.642371284086344,49.956981656699554,0.7647058823529411,0.056445655431489716,17
23,888token,V1,0.043442891833479214,0.05477020968456307,44.19620542567699,37.15368287695477,0.4117647058823529,-0.020914012255075356,17
23,888token,V2,0.017499368968396812,0.022168620817416888,18.3188753855703,15.970856070641643,0.6470588235294118,0.05490302108189798,17
23,888token,V3,0.02244258764477898,0.037036517293542,23.782555222824417,18.166557724948532,0.5882352941176471,0.041246414204648266,17
23,abi,V0,0.01330500705882353,0.013451868088949359,100.0,200.0,0.7058823529411765,0.04825502065331623,17
23,abi,V1,0.010762225097942077,0.011690175200182455,80.69464048262847,129.03029758828367,0.47058823529411764,-0.006368346528938,17
23,abi,V2,0.005917391321877288,0.006201075150870762,47.473989179929866,37.195008967163204,0.29411764705882354,-0.04825502065331623,17
23,abi,V3,0.032823336378472276,0.07278687883218707,315.0881549477921,46.82655170723273,0.35294117647058826,-0.033502839125012916,17
23,adillo,V0,0.00042216874999999993,0.00043477995309409106,100.0,200.0,0.875,0.21156764341231526,8
23,adillo,V1,0.00042216874999999993,0.00043477995309409106,100.0,200.0,0.875,0.21156764341231526,8
23,adillo,V2,0.0007617019795358525,0.0007682945850469045,197.80588183084262,96.10935562886279,0.125,-0.21156764341231526,8
23,adillo,V3,0.00054827625,0.0005580448014720682,144.3748117932629,80.28053508839719,0.125,-0.21156764341231526,8
23,agentaigo,V0,0.4598491350275348,0.4642496389395687,225.60437004430946,102.85915169799887,0.0,-0.258241280351638,9
23,agentaigo,V1,0.40482057498140406,0.4099268676209054,198.95858498048935,96.49525993619699,0.0,-0.258241280351638,9
23,agentaigo,V2,0.39042274742711214,0.39551438591231,191.92328821951986,94.79774731806798,0.0,-0.258241280351638,9
23,agentaigo,V3,0.3710037222222222,0.3746291469304085,181.96933599189887,92.49014893578331,0.0,-0.258241280351638,9
23,agenttank,V0,0.011941016000000002,0.01265003371906415,100.0,200.0,0.9,0.25967702348043165,10
23,agenttank,V1,0.012506884664387563,0.013023577366065003,111.8527092550043,163.50705186759282,0.8,0.11707135983391552,10
23,agenttank,V2,0.008360661825228443,0.009770348946040232,100.85955782857911,55.496195649520885,0.3,-0.14028033848927582,10
23,agenttank,V3,0.007969283999999998,0.008996942672589395,93.26998866073217,54.46236435001255,0.3,-0.14028033848927582,10
23,aicrystalnode,V0,5.8371176470588245e-05,5.91096972734991e-05,100.0,200.0,0.7058823529411765,0.06735709260621926,17
23,aicrystalnode,V1,5.8371176470588245e-05,5.91096972734991e-05,100.0,200.0,0.7058823529411765,0.06735709260621926,17
23,aicrystalnode,V2,0.0007371553644809467,0.0007440432651894751,1310.954757956953,172.1529663984468,0.29411764705882354,-0.06735709260621926,17
23,aicrystalnode,V3,0.004619328235294118,0.008331926293882713,9541.555966737344,186.6983222841845,0.29411764705882354,-0.06735709260621926,17
23,aiinu,V0,0.008945051176470587,0.008995723813307077,100.0,200.0,0.9411764705882353,0.055078683179285014,17
23,aiinu,V1,0.009971470968638959,0.0177094028393798,116.65658105010395,88.26812567558285,0.47058823529411764,0.007495896053241333,17
23,aiinu,V2,0.007564435494315427,0.0076499127154364185,86.83795441800181,59.72699072184015,0.058823529411764705,-0.055078683179285014,17
23,aiinu,V3,0.026102889999999997,0.053837520432946644,337.30954122229406,62.92185655457598,0.058823529411764705,-0.055078683179285014,17
23,aimerica,V0,0.0012804755555555554,0.001320811812316787,100.0,200.0,0.8888888888888888,0.21187466125794685,9
23,aimerica,V1,0.0012804755555555554,0.001320811812316787,100.0,200.0,0.8888888888888888,0.21187466125794685,9
23,aimerica,V2,0.011029547943635558,0.011091461882850488,912.7424988343025,162.28618810176297,0.1111111111111111,-0.21187466125794685,9
23,aimerica,V3,0.013265624444444445,0.013269578670636916,1096.37173346707,167.78769096645507,0.1111111111111111,-0.21187466125794685,9
23,aimonicabrands,V0,0.021219081818181818,0.022609272868630296,100.0,200.0,1.0,0.23642271518919958,11
23,aimonicabrands,V1,0.021219081818181818,0.022609272868630296,100.0,200.0,1.0,0.23642271518919958,11
23,aimonicabrands,V2,0.01657639367334657,0.018209352499570737,104.25634083951381,60.65440892414684,0.09090909090909091,-0.23364015268344748,11
23,aimonicabrands,V3,0.011759613636363632,0.013757406859273692,78.86763672573272,48.527562576169466,0.2727272727272727,-0.14514543194885654,11
23,aishellnova,V0,0.006298159999999999,0.006703881855922838,100.0,200.0,0.8571428571428571,0.22935811697949587,7
23,aishellnova,V1,0.019776983785651566,0.026286032387772384,301.2667655457245,152.64501731309986,0.2857142857142857,-0.10252274277850981,7
23,aishellnova,V2,0.009437930063990154,0.009912642512974993,197.81612712147862,87.95425595132374,0.14285714285714285,-0.22935811697949587,7
23,aishellnova,V3,0.012657640000000001,0.012864332976185415,252.75366165389715,102.77033676450105,0.14285714285714285,-0.22935811697949587,7
23,aitraderagent,V0,0.0007398633333333334,0.0007458604682512675,100.0,200.0,0.8333333333333334,0.14481131610246886,6
23,aitraderagent,V1,0.0031402116666666663,0.006239224009643881,403.12021181660526,196.85344799326253,0.6666666666666666,0.05618901312160992,6
23,aitraderagent,V2,0.0007328646020293515,0.0007868081991568397,102.68650923163023,64.83438532405818,0.16666666666666666,-0.14481131610246886,6
23,aitraderagent,V3,0.0007092266666666667,0.000715480643204273,99.51876963849031,65.31166879873388,0.16666666666666666,-0.14481131610246886,6
23,aiwarpertoken,V0,0.00018364214285714286,0.000197107372062611,100.0,200.0,0.6428571428571429,0.0006822272152767533,14
23,aiwarpertoken,V1,0.0016608445163846916,0.0026116671730957025,1176.3320688930955,190.1742276566242,0.35714285714285715,-0.1056946521451904,14
23,aiwarpertoken,V2,0.00022427191719056385,0.00023389346252898678,143.67068070296153,79.149578368757,0.35714285714285715,-0.0006822272152767533,14
23,aiwarpertoken,V3,0.00018427928571428567,0.0001927506008328601,120.3637761224653,70.70738819462356,0.42857142857142855,0.06064076890826956,14
23,aiwithdaddyissues,V0,0.0014781076470588234,0.0016087077257501549,100.0,200.0,0.8823529411764706,0.19456867790225776,17
23,aiwithdaddyissues,V1,0.0014781076470588234,0.0016087077257501549,100.0,200.0,0.8823529411764706,0.19456867790225776,17
23,aiwithdaddyissues,V2,0.00395996546241412,0.00407579560058449,336.33384651294807,116.36953849478789,0.11764705882352941,-0.19456867790225776,17
23,aiwithdaddyissues,V3,0.033812262941176466,0.07009582619908393,4410.801486667728,138.5694351357383,0.11764705882352941,-0.19456867790225776,17
23,akiprotocol,V0,0.011397582352941178,0.011411826193832226,100.0,200.0,0.5882352941176471,-0.03817381072917447,17
23,akiprotocol,V1,0.03689924443693572,0.04245924063673044,326.6685056808007,117.61843722109748,0.4117647058823529,0.03817381072917447,17
23,akiprotocol,V2,0.0021648546672220987,0.002400199180488728,18.800827098736605,21.217920489210606,0.7058823529411765,0.04348668680972223,17
23,akiprotocol,V3,0.025732134117647062,0.046731197350080314,234.114028432712,111.67591470441008,0.5294117647058824,-0.04139650804347426,17
23,akitabsc,V0,0.00061004125,0.0006522720362222345,100.0,200.0,0.875,-0.036803223342584554,8
23,akitabsc,V1,0.00061004125,0.0006522720362222345,100.0,200.0,0.875,-0.036803223342584554,8
23,akitabsc,V2,0.0018970013851604848,0.0019531337786975267,351.5479717505947,122.04428210277196,0.125,0.036803223342584554,8
23,akitabsc,V3,0.0022623537499999995,0.0022741048728400805,415.7753973270472,131.22245196305374,0.125,0.036803223342584554,8
23,alaska,V0,0.0001311475,0.00013264865656123322,100.0,200.0,0.5,-0.02059272084350272,16
23,alaska,V1,0.012613442183461096,0.015224824162535544,10142.56627153664,193.65374483013946,0.375,-0.0431243757478547,16
23,alaska,V2,0.0004914324075546068,0.000517533252106012,392.05572377764224,127.03481712936222,0.5,0.02059272084350272,16
23,alaska,V3,0.004116024374999999,0.011466244506285205,2665.184886715055,63.49875104102036,0.5,0.02059272084350272,16
23,alchemistai,V0,0.01203031454063036,0.013407585311233575,29.953429349681755,25.60673248790944,0.5,0.06202664324239928,12
23,alchemistai,V1,0.016164916547686727,0.019492159276096144,33.03662822546145,41.93853660003104,1.0,0.2204684647646072,12
23,alchemistai,V2,0.05653202661591571,0.0584035577638035,140.11937432050223,77.83790150609123,0.0,-0.2204684647646072,12
23,alchemistai,V3,0.05946605000000001,0.0607902547462996,146.29835591278885,80.55139189198522,0.0,-0.2204684647646072,12
23,alp,V0,0.0004839031249999999,0.0005098839652864659,100.0,200.0,0.75,0.09238308195379506,16
23,alp,V1,0.0004839031249999999,0.0005098839652864659,100.0,200.0,0.75,0.09238308195379506,16
23,alp,V2,0.001280888664504557,0.001294183994341531,298.67543324611717,115.22909079774418,0.25,-0.09238308195379506,16
23,alp,V3,0.0038443831250000006,0.008670351830283116,1156.3664387841523,108.44172133449047,0.25,-0.09238308195379506,16
23,alpaca2,V0,0.00011551266666666668,0.00011771077602893176,100.0,200.0,0.6666666666666666,0.07648323721149312,15
23,alpaca2,V1,0.004496992666666666,0.005457676382930132,4140.985488563465,195.69980531689313,0.26666666666666666,-0.08926415436015378,15
23,alpaca2,V2,0.00020231072948275324,0.00020600221628076004,185.83747227896234,93.5423290392146,0.3333333333333333,-0.07648323721149312,15
23,alpaca2,V3,0.0005988053333333333,0.0017408833918751323,692.2996782863837,89.73047825591536,0.3333333333333333,-0.07648323721149312,15
23,alpha3,V0,0.0016040275,0.0016874251962272283,100.0,200.0,0.4375,-0.11886162035142703,16
23,alpha3,V1,0.0016040275,0.0016874251962272283,100.0,200.0,0.4375,-0.11886162035142703,16
23,alpha3,V2,0.00044665915045186426,0.0005863572059801891,30.630414452798167,26.744115784200506,0.75,0.2941221322511893,16
23,alpha3,V3,0.0045912437500000005,0.011823431163823596,342.65202219158414,48.74421903475771,0.625,0.18079893708402486,16
23,amaterasuomikami,V0,0.032803629411764706,0.03315799430277624,100.0,200.0,0.4117647058823529,-0.04728228845659751,17
23,amaterasuomikami,V1,0.09431480423219084,0.13144476645445863,301.5761100619179,117.14460857302488,0.5882352941176471,0.013976471826299078,17
23,amaterasuomikami,V2,0.00337530444458645,0.00523205164720481,9.489336420629957,10.036708651788928,0.6470588235294118,0.04679235548171938,17
23,amaterasuomikami,V3,0.028538204813317685,0.060101016661948226,75.27040545356617,33.031711644327935,0.6470588235294118,0.06092876605886971,17
23,americancoin,V0,3.96764705882353e-06,4.5492345833247204e-06,100.0,200.0,0.6470588235294118,-0.07709863868989308,17
23,americancoin,V1,6.0594117647058815e-06,8.35149194138741e-06,173.9172592113769,194.92508446093936,0.6470588235294118,-0.09246880253351937,17
23,americancoin,V2,3.76594731880716e-06,6.6706778139097e-06,81.30813124719435,52.38304981945466,0.47058823529411764,-0.14587083957885771,17
23,americancoin,V3,5.750588235294118e-06,9.47055685051431e-06,231.85042797753098,80.30627924215902,0.5882352941176471,-0.09788114524090058,17
23,americapac,V0,0.0006479937500000001,0.0006733563373597221,100.0,200.0,0.875,0.1446661755616282,16
23,americapac,V1,0.0006479937500000001,0.0006733563373597221,100.0,200.0,0.875,0.1446661755616282,16
23,americapac,V2,0.000710628268335789,0.000732342348655527,123.21925598467043,72.84622315858643,0.125,-0.1446661755616282,16
23,americapac,V3,0.00232957,0.0049079795584461225,463.73079600990377,84.89247503985709,0.1875,-0.11362773130724665,16
23,andy70b,V0,0.00023620222222222223,0.0002420031746807375,100.0,200.0,0.8888888888888888,0.22513867870517157,9
23,andy70b,V1,0.00023620222222222223,0.0002420031746807375,100.0,200.0,0.8888888888888888,0.22513867870517157,9
23,andy70b,V2,0.0037707661831224088,0.004082643590936751,1588.8780141341438,174.40485792636426,0.1111111111111111,-0.22513867870517157,9
23,andy70b,V3,0.0015899577777777779,0.0015908299035059937,714.073863026859,154.41767862190034,0.1111111111111111,-0.22513867870517157,9
23,andyman,V0,0.0007389229411764706,0.0007520532048723836,100.0,200.0,0.8235294117647058,0.10135872209719937,17
23,andyman,V1,0.0012458082452094354,0.002343083594789011,192.3221084134061,198.74138990067954,0.7647058823529411,0.0810620290201856,17
23,andyman,V2,0.0005541604245456454,0.0005743420101301112,81.46075714946274,55.63266325340829,0.17647058823529413,-0.10135872209719937,17
23,andyman,V3,0.0027543017647058817,0.005456566656967763,467.8846101507628,77.69234557929629,0.17647058823529413,-0.10135872209719937,17
23,anitamaxwynn,V0,0.002070646875,0.0020738087018620475,100.0,200.0,0.6875,0.02518028002532579,16
23,anitamaxwynn,V1,0.0031099380453321035,0.004190272236299345,146.80245152930516,192.5854532523442,0.8125,0.04550479567718463,16
23,anitamaxwynn,V2,0.00017724873071246996,0.00020198340796383194,8.691771221492491,8.456262617945272,0.4375,0.007885728957767558,16
23,anitamaxwynn,V3,0.002477623125,0.006746991893187938,128.72499888579762,25.27820209261929,0.75,0.04410675156862598,16
23,antitoken,V0,0.000486735,0.0004960426671332484,100.0,200.0,0.5,0.06000776096525837,6
23,antitoken,V1,0.0019454166666666665,0.0037694532817372866,455.7499857733987,197.26158681436988,0.3333333333333333,0.0195069825161575,6
23,antitoken,V2,0.00039349533226969434,0.00040237315718642336,86.39523844612874,58.745982277907636,0.5,-0.06000776096525837,6
23,antitoken,V3,0.00047047999999999995,0.00048010290333601053,103.72170033582823,66.2887559588192,0.5,-0.06000776096525837,6
23,anyinu,V0,5.046470588235294e-06,5.123115435426561e-06,100.0,200.0,0.8235294117647058,0.10019510008233834,17
23,anyinu,V1,5.046470588235294e-06,5.123115435426561e-06,100.0,200.0,0.8235294117647058,0.10019510008233834,17
23,anyinu,V2,4.631069422936903e-06,4.7180037988698656e-06,97.51826149262203,63.81703255140208,0.17647058823529413,-0.10019510008233834,17
23,anyinu,V3,2.0240588235294112e-05,3.9519798240137515e-05,475.1933983887671,82.82734746664482,0.17647058823529413,-0.10019510008233834,17
23,aped,V0,0.5396994378368182,0.5447495441796282,82.01085697153498,57.37252301167014,0.2857142857142857,-0.08568791037683744,14
23,aped,V1,0.46954790732304424,0.47977550189630547,70.09294111296273,51.246974517441714,0.2857142857142857,-0.08568791037683744,14
23,aped,V2,0.6316132380377794,0.6364661254129897,95.14194424761115,63.77724002498988,0.2857142857142857,-0.08568791037683744,14
23,aped,V3,0.7894057857142857,0.7979798885418192,120.51807822165068,73.8035989051266,0.2857142857142857,-0.08568791037683744,14
23,aquarius2,V0,0.0011823566666666664,0.001260311889010018,100.0,200.0,0.7333333333333333,0.1160923627424869,15
23,aquarius2,V1,0.014938716750523969,0.021596018351790217,1410.3032992168942,181.19426594512802,0.4666666666666667,0.037448318844527595,15
23,aquarius2,V2,0.001661091299045282,0.0018166307184503034,166.2349137560813,82.73623995671925,0.26666666666666666,-0.1160923627424869,15
23,aquarius2,V3,0.0037637840000000005,0.009382962627445555,404.3052188175649,86.55332062823429,0.26666666666666666,-0.1160923627424869,15
23,aquathecoin,V0,7.6460625e-05,7.984850495626076e-05,100.0,200.0,0.6875,0.06535337383585474,16
23,aquathecoin,V1,7.6460625e-05,7.984850495626076e-05,100.0,200.0,0.6875,0.06535337383585474,16
23,aquathecoin,V2,0.00012382567060985762,0.0001271175350647926,182.52983322095483,91.00809619910837,0.3125,-0.06535337383585474,16
23,aquathecoin,V3,0.0007661081250000001,0.00203538869991551,1590.1581947864272,70.23064008052185,0.3125,-0.06535337383585474,16
23,arbidoge,V0,1.0125e-07,1.0271319292087068e-07,100.0,200.0,0.5,0.07370580808080807,16
23,arbidoge,V1,1.0125e-07,1.0271319292087068e-07,100.0,200.0,0.5,0.07370580808080807,16
23,arbidoge,V2,8.340371481096315e-08,8.513819072273185e-08,88.10688746898514,59.30442918051142,0.125,-0.07370580808080807,16
23,arbidoge,V3,2.8125e-07,6.140643288776836e-07,354.60633116883116,69.67584973540694,0.125,-0.07370580808080807,16
23,aries,V0,0.0011623159999999998,0.0012325774870084235,100.0,200.0,0.7333333333333333,0.11256210537881305,15
23,aries,V1,0.011110787430636922,0.018680567380399696,1030.766286466927,194.87336103803835,0.5333333333333333,0.06669858362028039,15
23,aries,V2,0.0016916394091663891,0.001850399773811738,170.01682361386722,83.92120895902244,0.26666666666666666,-0.11256210537881305,15
23,aries,V3,0.003885636666666667,0.009814235384012689,415.79995115196544,87.42672749798898,0.26666666666666666,-0.11256210537881305,15
23,ariethesealion,V0,0.00013054266666666665,0.00013659069817036106,100.0,200.0,0.8,0.10378209244884772,15
23,ariethesealion,V1,0.00045578908473629503,0.00045756012999476493,394.0167123957066,128.17267578754695,0.2,-0.10378209244884772,15
23,ariethesealion,V2,0.00011775116159080702,0.00012480774362902582,109.47137122751514,65.0154481392386,0.2,-0.10378209244884772,15
23,ariethesealion,V3,0.0007541713333333333,0.0027249833990185455,893.7783661086032,47.881078202226135,0.26666666666666666,-0.06544749457327868,15
23,astheria,V0,0.00011291111111111109,0.00011569941476851895,100.0,200.0,0.8888888888888888,0.20577881741815007,9
23,astheria,V1,0.00015141697563191817,0.00015315889027094095,146.9446679880725,81.61882134633134,0.1111111111111111,-0.20577881741815007,9
23,astheria,V2,0.00024764403564369187,0.0002516173455708283,238.9196644815505,104.85873454400038,0.1111111111111111,-0.20577881741815007,9
23,astheria,V3,0.00027731888888888885,0.00027846579987495765,265.27861545996,111.02739829646072,0.1111111111111111,-0.20577881741815007,9
23,astropepex,V0,0.00011661529411764706,0.00011685752521767694,100.0,200.0,0.5882352941176471,0.026507477473135043,17
23,astropepex,V1,0.0003802682352941176,0.0006861128080116614,320.28597611089646,195.4366668561426,0.5294117647058824,0.0015446045616755368,17
23,astropepex,V2,5.7373874871601536e-05,5.915005924241189e-05,49.907972204000686,39.40237988352645,0.4117647058823529,-0.026507477473135043,17
23,astropepex,V3,0.0003274047058823529,0.0006846523085307392,301.9989668926087,59.51342569289275,0.4117647058823529,-0.026507477473135043,17
23,auroraterminal,V0,0.0005711193333333333,0.0006164212558145606,100.0,200.0,0.8,0.15799633077615569,15
23,auroraterminal,V1,0.005849745453873871,0.012202244758811378,712.5544077605068,197.59849316828985,0.7333333333333333,0.191674982700265,15
23,auroraterminal,V2,0.001214162748159833,0.0012688564379150335,288.254161126134,104.50852083907884,0.2,-0.15799633077615569,15
23,auroraterminal,V3,0.0041322193333333335,0.014205552907200995,1231.1859040834147,73.58465812134285,0.2,-0.15799633077615569,15
23,avachiangmainightsafariava,V0,0.00038297785714285713,0.0003848197733169572,100.0,200.0,0.5714285714285714,0.058365651876224854,14
23,avachiangmainightsafariava,V1,0.00038297785714285713,0.0003848197733169572,100.0,200.0,0.5714285714285714,0.058365651876224854,14
23,avachiangmainightsafariava,V2,0.0010480170269890983,0.001050881177079143,277.49571618726776,115.57433280894341,0.42857142857142855,-0.058365651876224854,14
23,avachiangmainightsafariava,V3,0.0006432821428571429,0.000644380426605943,170.98350102294452,91.509461456841,0.42857142857142855,-0.058365651876224854,14
23,avaxhasnochill,V0,0.001803951764705882,0.0018351609210959258,100.0,200.0,0.5882352941176471,-0.034992225939941016,17
23,avaxhasnochill,V1,0.004774829411764707,0.009434946643782548,266.25745515597316,197.25092801481557,0.47058823529411764,-0.08520458863875403,17
23,avaxhasnochill,V2,0.0011965295748114855,0.001241516048342008,71.69056146949117,50.98578723192384,0.4117647058823529,0.034992225939941016,17
23,avaxhasnochill,V3,0.005657930588235294,0.01129321849067317,293.11757192565136,71.85554230372591,0.4117647058823529,0.034992225939941016,17
23,axi,V0,0.0005855500000000001,0.00058771921080091,100.0,200.0,0.4444444444444444,0.02024758740879194,9
23,axi,V1,0.006376631407905615,0.007383879773847255,1083.7613191592022,179.16642346822098,0.5555555555555556,0.0077788990387580486,9
23,axi,V2,0.0006977048492355029,0.0007040995123676282,120.65397800643964,74.597987197475,0.5555555555555556,-0.02024758740879194,9
23,axi,V3,0.0004620500000000001,0.00046479594527539127,80.3288946930017,56.83387822096688,0.5555555555555556,-0.02024758740879194,9
23,doge,V0,0.0007915486666666666,0.0008534432938905002,100.0,200.0,0.8666666666666667,0.13239525747719577,15
23,doge,V1,0.0036043304787331905,0.0064437520933357615,620.8620482181559,192.35490814277588,0.6,-0.010552995655966216,15
23,doge,V2,0.0006273469778898961,0.0006758416547037521,99.36196378597776,61.550566033808394,0.26666666666666666,-0.0586604813113736,15
23,doge,V3,0.0014928606666666665,0.00415689322168652,281.9269035718318,58.1249107043941,0.4,0.0368927045175728,15
23,horny,V0,0.0008287445454545454,0.0008589453298456407,100.0,200.0,0.8181818181818182,0.24115703670303865,11
23,horny,V1,0.010685356476355047,0.018482840860849968,1240.4771146509538,193.12619119584866,0.45454545454545453,-0.018786697614728023,11
23,horny,V2,0.0016774954123282204,0.0018095325070858644,237.15865828264987,98.11278755453708,0.2727272727272727,-0.17667331924640592,11
23,horny,V3,0.0014799354545454548,0.0014970566147155678,199.72597936554143,95.83762377927604,0.18181818181818182,-0.24115703670303865,11
23,ilence,V0,3.411714285714286e-05,3.596385308294188e-05,100.0,200.0,0.8571428571428571,0.1648266925393846,14
23,ilence,V1,0.003563493793743079,0.004012419873863267,11261.631992681061,197.63317189655646,0.35714285714285715,-0.07929174696563594,14
23,ilence,V2,0.0007920956866068856,0.0008149590141748827,2617.585665356922,183.4760265495599,0.14285714285714285,-0.1648266925393846,14
23,ilence,V3,0.00040481285714285707,0.0004049726763622454,1320.6584624970167,171.3629008639965,0.14285714285714285,-0.1648266925393846,14
